url,title,repo_path
/docs/clinical-conditions,Clinical Conditions,docs/03-clinical-conditions/index.mdx
/docs/clinical-conditions/03a-storage-incontinence/mixed-incontinence,Mixed Urinary Incontinence,docs/03-clinical-conditions/03a-storage-incontinence/mixed-incontinence.mdx
/docs/clinical-conditions/03a-storage-incontinence/nocturia,Nocturia,docs/03-clinical-conditions/03a-storage-incontinence/nocturia.mdx
/docs/clinical-conditions/03a-storage-incontinence/sui-female,Stress Urinary Incontinence (Female),docs/03-clinical-conditions/03a-storage-incontinence/sui-female.mdx
/docs/clinical-conditions/03a-storage-incontinence/sui-male,Stress Urinary Incontinence (Male),docs/03-clinical-conditions/03a-storage-incontinence/sui-male.mdx
/docs/clinical-conditions/03a-storage-incontinence/urgency-incontinence-oab,Urgency Incontinence & OAB,docs/03-clinical-conditions/03a-storage-incontinence/urgency-incontinence-oab.mdx
/docs/clinical-conditions/03b-voiding-outlet/bladder-neck-stenosis,Bladder Neck Contracture,docs/03-clinical-conditions/03b-voiding-outlet/bladder-neck-stenosis.mdx
/docs/clinical-conditions/03b-voiding-outlet/bladder-outlet-obstruction,Benign Prostatic Hyperplasia,docs/03-clinical-conditions/03b-voiding-outlet/bladder-outlet-obstruction.mdx
/docs/clinical-conditions/03b-voiding-outlet/dysfunctional-voiding,Dysfunctional Voiding,docs/03-clinical-conditions/03b-voiding-outlet/dysfunctional-voiding.mdx
/docs/clinical-conditions/03b-voiding-outlet/female-urethral-masses,Female Urethral & Periurethral Masses,docs/03-clinical-conditions/03b-voiding-outlet/female-urethral-masses.mdx
/docs/clinical-conditions/03b-voiding-outlet/female-urethral-stricture,Female Urethral Stricture,docs/03-clinical-conditions/03b-voiding-outlet/female-urethral-stricture.mdx
/docs/clinical-conditions/03b-voiding-outlet/posterior-urethral-stenosis,Posterior Urethral Stenosis,docs/03-clinical-conditions/03b-voiding-outlet/posterior-urethral-stenosis.mdx
/docs/clinical-conditions/03b-voiding-outlet/primary-bladder-neck-obstruction,Primary Bladder Neck Obstruction,docs/03-clinical-conditions/03b-voiding-outlet/primary-bladder-neck-obstruction.mdx
/docs/clinical-conditions/03b-voiding-outlet/underactive-bladder,Underactive Bladder,docs/03-clinical-conditions/03b-voiding-outlet/underactive-bladder.mdx
/docs/clinical-conditions/03b-voiding-outlet/urethral-diverticula,Urethral Diverticulum,docs/03-clinical-conditions/03b-voiding-outlet/urethral-diverticula.mdx
/docs/clinical-conditions/03b-voiding-outlet/urethral-prolapse,Urethral Prolapse,docs/03-clinical-conditions/03b-voiding-outlet/urethral-prolapse.mdx
/docs/clinical-conditions/03b-voiding-outlet/urethral-stricture,Male Urethral Stricture,docs/03-clinical-conditions/03b-voiding-outlet/urethral-stricture.mdx
/docs/clinical-conditions/03b-voiding-outlet/vesicourethral-anastomotic-stenosis,Vesicourethral Anastomotic Stenosis,docs/03-clinical-conditions/03b-voiding-outlet/vesicourethral-anastomotic-stenosis.mdx
/docs/clinical-conditions/03c-pelvic-support/anterior-compartment,Anterior Compartment Prolapse,docs/03-clinical-conditions/03c-pelvic-support/anterior-compartment.mdx
/docs/clinical-conditions/03c-pelvic-support/apical-prolapse,Apical Prolapse,docs/03-clinical-conditions/03c-pelvic-support/apical-prolapse.mdx
/docs/clinical-conditions/03c-pelvic-support/obstetric-perineal-injury,Obstetric Perineal & Vaginal Lacerations,docs/03-clinical-conditions/03c-pelvic-support/obstetric-perineal-injury.mdx
/docs/clinical-conditions/03c-pelvic-support/pelvic-organ-prolapse,POP Overview,docs/03-clinical-conditions/03c-pelvic-support/pelvic-organ-prolapse.mdx
/docs/clinical-conditions/03c-pelvic-support/posterior-compartment,Posterior Compartment Prolapse,docs/03-clinical-conditions/03c-pelvic-support/posterior-compartment.mdx
/docs/clinical-conditions/03d-nlutd,Neurogenic Lower Urinary Tract Dysfunction,docs/03-clinical-conditions/03d-nlutd/index.mdx
/docs/clinical-conditions/03d-nlutd/autonomic-dysreflexia,Autonomic Dysreflexia,docs/03-clinical-conditions/03d-nlutd/autonomic-dysreflexia.mdx
/docs/clinical-conditions/03d-nlutd/neurogenic-bladder,Neurogenic Lower Urinary Tract Dysfunction,docs/03-clinical-conditions/03d-nlutd/neurogenic-bladder.mdx
/docs/clinical-conditions/03d-nlutd/nlutd-cauda-equina,Cauda Equina Syndrome,docs/03-clinical-conditions/03d-nlutd/nlutd-cauda-equina.mdx
/docs/clinical-conditions/03d-nlutd/nlutd-multiple-sclerosis,Multiple Sclerosis,docs/03-clinical-conditions/03d-nlutd/nlutd-multiple-sclerosis.mdx
/docs/clinical-conditions/03d-nlutd/nlutd-parkinson,Parkinson's Disease,docs/03-clinical-conditions/03d-nlutd/nlutd-parkinson.mdx
/docs/clinical-conditions/03d-nlutd/nlutd-spina-bifida,Spina Bifida,docs/03-clinical-conditions/03d-nlutd/nlutd-spina-bifida.mdx
/docs/clinical-conditions/03d-nlutd/nlutd-spinal-cord-injury,Spinal Cord Injury,docs/03-clinical-conditions/03d-nlutd/nlutd-spinal-cord-injury.mdx
/docs/clinical-conditions/03d-nlutd/nlutd-stroke-dementia,Stroke and Dementia,docs/03-clinical-conditions/03d-nlutd/nlutd-stroke-dementia.mdx
/docs/clinical-conditions/03e-upper-tract/retroperitoneal-fibrosis,Retroperitoneal Fibrosis (RPF),docs/03-clinical-conditions/03e-upper-tract/retroperitoneal-fibrosis.mdx
/docs/clinical-conditions/03e-upper-tract/upj-obstruction,Ureteropelvic Junction Obstruction,docs/03-clinical-conditions/03e-upper-tract/upj-obstruction.mdx
/docs/clinical-conditions/03e-upper-tract/ureteral-stricture,Ureteral Stricture,docs/03-clinical-conditions/03e-upper-tract/ureteral-stricture.mdx
/docs/clinical-conditions/03f-fistulas,Fistulas,docs/03-clinical-conditions/03f-fistulas/index.mdx
/docs/clinical-conditions/03f-fistulas/all-patients/colovesical-small-bowel,Colovesical &amp; Small Bowel Fistulas,docs/03-clinical-conditions/03f-fistulas/all-patients/colovesical-small-bowel.mdx
/docs/clinical-conditions/03f-fistulas/all-patients/nephropleural,Nephropleural Fistula,docs/03-clinical-conditions/03f-fistulas/all-patients/nephropleural.mdx
/docs/clinical-conditions/03f-fistulas/all-patients/post-kidney-transplant,Urinary Fistula After Kidney Transplant,docs/03-clinical-conditions/03f-fistulas/all-patients/post-kidney-transplant.mdx
/docs/clinical-conditions/03f-fistulas/all-patients/pyeloenteric,Pyeloenteric Fistula,docs/03-clinical-conditions/03f-fistulas/all-patients/pyeloenteric.mdx
/docs/clinical-conditions/03f-fistulas/all-patients/ureterocolonic,Ureterocolonic Fistula,docs/03-clinical-conditions/03f-fistulas/all-patients/ureterocolonic.mdx
/docs/clinical-conditions/03f-fistulas/all-patients/vascular-urinary,Vascular-Urinary Fistula,docs/03-clinical-conditions/03f-fistulas/all-patients/vascular-urinary.mdx
/docs/clinical-conditions/03f-fistulas/all-patients/vesicocutaneous,Vesicocutaneous Fistula,docs/03-clinical-conditions/03f-fistulas/all-patients/vesicocutaneous.mdx
/docs/clinical-conditions/03f-fistulas/in-females/obstetric,Obstetric Fistula,docs/03-clinical-conditions/03f-fistulas/in-females/obstetric.mdx
/docs/clinical-conditions/03f-fistulas/in-females/rectovaginal,Rectovaginal Fistula,docs/03-clinical-conditions/03f-fistulas/in-females/rectovaginal.mdx
/docs/clinical-conditions/03f-fistulas/in-females/ureterovaginal,Ureterovaginal Fistula,docs/03-clinical-conditions/03f-fistulas/in-females/ureterovaginal.mdx
/docs/clinical-conditions/03f-fistulas/in-females/vesicouterine,Vesicouterine Fistula,docs/03-clinical-conditions/03f-fistulas/in-females/vesicouterine.mdx
/docs/clinical-conditions/03f-fistulas/in-females/vesicovaginal,Vesicovaginal Fistula,docs/03-clinical-conditions/03f-fistulas/in-females/vesicovaginal.mdx
/docs/clinical-conditions/03f-fistulas/in-males/rectourethral,Rectourethral Fistula,docs/03-clinical-conditions/03f-fistulas/in-males/rectourethral.mdx
/docs/clinical-conditions/03f-fistulas/in-males/rectovesical,Rectovesical Fistula,docs/03-clinical-conditions/03f-fistulas/in-males/rectovesical.mdx
/docs/clinical-conditions/03f-fistulas/in-males/urethrocutaneous,Urethrocutaneous Fistula,docs/03-clinical-conditions/03f-fistulas/in-males/urethrocutaneous.mdx
/docs/clinical-conditions/03f-fistulas/in-males/urethroperineal,Urethroperineal Fistula,docs/03-clinical-conditions/03f-fistulas/in-males/urethroperineal.mdx
/docs/clinical-conditions/03f-fistulas/in-males/urethropubic,Urethropubic Fistula,docs/03-clinical-conditions/03f-fistulas/in-males/urethropubic.mdx
/docs/clinical-conditions/03g-genital-scrotal/buried-penis,Buried Penis,docs/03-clinical-conditions/03g-genital-scrotal/buried-penis.mdx
/docs/clinical-conditions/03g-genital-scrotal/clitoral-phimosis,Clitoral Phimosis and Clitoral Adhesions,docs/03-clinical-conditions/03g-genital-scrotal/clitoral-phimosis.mdx
/docs/clinical-conditions/03g-genital-scrotal/erectile-dysfunction,Erectile Dysfunction (Condition),docs/03-clinical-conditions/03g-genital-scrotal/erectile-dysfunction.mdx
/docs/clinical-conditions/03g-genital-scrotal/female-genital-mutilation-cutting,Female Genital Mutilation / Cutting (FGM/C),docs/03-clinical-conditions/03g-genital-scrotal/female-genital-mutilation-cutting.mdx
/docs/clinical-conditions/03g-genital-scrotal/genital-lymphedema,Genital Lymphedema,docs/03-clinical-conditions/03g-genital-scrotal/genital-lymphedema.mdx
/docs/clinical-conditions/03g-genital-scrotal/giant-penoscrotal-lymphedema,Giant Penoscrotal Lymphedema (Genital Elephantiasis),docs/03-clinical-conditions/03g-genital-scrotal/giant-penoscrotal-lymphedema.mdx
/docs/clinical-conditions/03g-genital-scrotal/hidradenitis-suppurativa,Hidradenitis Suppurativa — Genitourinary Disease,docs/03-clinical-conditions/03g-genital-scrotal/hidradenitis-suppurativa.mdx
/docs/clinical-conditions/03g-genital-scrotal/lichen-sclerosus,Lichen Sclerosus,docs/03-clinical-conditions/03g-genital-scrotal/lichen-sclerosus.mdx
/docs/clinical-conditions/03g-genital-scrotal/mullerian-anomalies,Müllerian Anomalies & Vaginal Agenesis,docs/03-clinical-conditions/03g-genital-scrotal/mullerian-anomalies.mdx
/docs/clinical-conditions/03g-genital-scrotal/peyronies-disease,Peyronie's Disease,docs/03-clinical-conditions/03g-genital-scrotal/peyronies-disease.mdx
/docs/clinical-conditions/03g-genital-scrotal/small-penis-syndrome,Small Penis Syndrome (SPS) &amp; Penile Dysmorphic Disorder (PDD),docs/03-clinical-conditions/03g-genital-scrotal/small-penis-syndrome.mdx
/docs/clinical-conditions/03g-genital-scrotal/testicular-reimplantation,"Testicular Reimplantation (Replantation, Autotransplantation, Experimental Tissue Transplantation)",docs/03-clinical-conditions/03g-genital-scrotal/testicular-reimplantation.mdx
/docs/clinical-conditions/03g-genital-scrotal/vaginal-cysts-masses,Vaginal Cysts and Masses,docs/03-clinical-conditions/03g-genital-scrotal/vaginal-cysts-masses.mdx
/docs/clinical-conditions/03h-pelvic-pain/chronic-pelvic-pain,Chronic Pelvic Pain,docs/03-clinical-conditions/03h-pelvic-pain/chronic-pelvic-pain.mdx
/docs/clinical-conditions/03h-pelvic-pain/ic-pbs,Interstitial Cystitis / Bladder Pain Syndrome,docs/03-clinical-conditions/03h-pelvic-pain/ic-pbs.mdx
/docs/clinical-conditions/03h-pelvic-pain/myofascial-pelvic-pain,Myofascial Pelvic Pain,docs/03-clinical-conditions/03h-pelvic-pain/myofascial-pelvic-pain.mdx
/docs/clinical-conditions/03h-pelvic-pain/pelvic-venous-disorders,Pelvic Venous Disorders (PeVD) and Pelvic Congestion Syndrome,docs/03-clinical-conditions/03h-pelvic-pain/pelvic-venous-disorders.mdx
/docs/clinical-conditions/03i-defecatory-disorders,Defecatory Disorders,docs/03-clinical-conditions/03i-defecatory-disorders/index.mdx
/docs/clinical-conditions/03i-defecatory-disorders/chronic-constipation,Chronic Constipation,docs/03-clinical-conditions/03i-defecatory-disorders/chronic-constipation.mdx
/docs/clinical-conditions/03i-defecatory-disorders/defecatory-dysfunction,Defecatory Dysfunction,docs/03-clinical-conditions/03i-defecatory-disorders/defecatory-dysfunction.mdx
/docs/clinical-conditions/03i-defecatory-disorders/fecal-incontinence,Fecal Incontinence,docs/03-clinical-conditions/03i-defecatory-disorders/fecal-incontinence.mdx
/docs/evaluation,Evaluation & Workup,docs/02-evaluation/index.mdx
/docs/evaluation/ancillary-tests/anorectal-testing,Anorectal Function & Defecography,docs/02-evaluation/ancillary-tests/anorectal-testing.mdx
/docs/evaluation/ancillary-tests/endoscopy,Endoscopy — Cystoscopy &amp; Ureteroscopy,docs/02-evaluation/ancillary-tests/endoscopy.mdx
/docs/evaluation/ancillary-tests/urodynamics,Urodynamics,docs/02-evaluation/ancillary-tests/urodynamics.mdx
/docs/evaluation/history-physical,History & Physical,docs/02-evaluation/history-physical/index.mdx
/docs/evaluation/history-physical/assessment-tools,Assessment Tools &amp; Questionnaires,docs/02-evaluation/history-physical/assessment-tools.mdx
/docs/evaluation/history-physical/female-pelvic-examination,Female Pelvic Examination & POP-Q Staging,docs/02-evaluation/history-physical/female-pelvic-examination.mdx
/docs/evaluation/history-physical/male-urogenital-exam,Male Urogenital Physical Examination,docs/02-evaluation/history-physical/male-urogenital-exam.mdx
/docs/evaluation/imaging,Imaging in Reconstructive Urology,docs/02-evaluation/imaging/index.mdx
/docs/evaluation/imaging/ct-urogram,CT Urogram & CT-Based Imaging in Reconstructive Urology,docs/02-evaluation/imaging/ct-urogram.mdx
/docs/evaluation/imaging/cystography,Cystography,docs/02-evaluation/imaging/cystography.mdx
/docs/evaluation/imaging/mag3-renal-scintigraphy,MAG3 Renal Scintigraphy & Upper Tract Nuclear Imaging,docs/02-evaluation/imaging/mag3-renal-scintigraphy.mdx
/docs/evaluation/imaging/mri,MRI in Reconstructive Urology,docs/02-evaluation/imaging/mri.mdx
/docs/evaluation/imaging/penile-doppler-ultrasound,Penile Doppler Ultrasound & Cavernosometry,docs/02-evaluation/imaging/penile-doppler-ultrasound.mdx
/docs/evaluation/imaging/radiation-safety,Radiation Safety in Reconstructive Urology,docs/02-evaluation/imaging/radiation-safety.mdx
/docs/evaluation/imaging/rug-vcug,Retrograde Urethrogram (RUG) & Voiding Cystourethrogram (VCUG),docs/02-evaluation/imaging/rug-vcug.mdx
/docs/evaluation/imaging/ultrasound,Ultrasound in Reconstructive Urology,docs/02-evaluation/imaging/ultrasound.mdx
/docs/evaluation/laboratory-studies,Laboratory Studies,docs/02-evaluation/laboratory-studies/index.mdx
/docs/evaluation/laboratory-studies/hormonal-assessment,Hormonal Assessment,docs/02-evaluation/laboratory-studies/hormonal-assessment.mdx
/docs/evaluation/laboratory-studies/nutritional-assessment,Nutritional Assessment,docs/02-evaluation/laboratory-studies/nutritional-assessment/index.mdx
/docs/evaluation/laboratory-studies/nutritional-assessment/body-composition,Body Composition Assessment,docs/02-evaluation/laboratory-studies/nutritional-assessment/body-composition.mdx
/docs/evaluation/laboratory-studies/nutritional-assessment/c-reactive-protein,C-Reactive Protein (CRP),docs/02-evaluation/laboratory-studies/nutritional-assessment/c-reactive-protein.mdx
/docs/evaluation/laboratory-studies/nutritional-assessment/copper,Copper,docs/02-evaluation/laboratory-studies/nutritional-assessment/copper.mdx
/docs/evaluation/laboratory-studies/nutritional-assessment/folate,Folate,docs/02-evaluation/laboratory-studies/nutritional-assessment/folate.mdx
/docs/evaluation/laboratory-studies/nutritional-assessment/handgrip-strength,Handgrip Strength,docs/02-evaluation/laboratory-studies/nutritional-assessment/handgrip-strength.mdx
/docs/evaluation/laboratory-studies/nutritional-assessment/iron-ferritin,Iron & Ferritin,docs/02-evaluation/laboratory-studies/nutritional-assessment/iron-ferritin.mdx
/docs/evaluation/laboratory-studies/nutritional-assessment/prealbumin,Prealbumin (Transthyretin),docs/02-evaluation/laboratory-studies/nutritional-assessment/prealbumin.mdx
/docs/evaluation/laboratory-studies/nutritional-assessment/screening-tools,Nutritional Screening and Assessment Tools,docs/02-evaluation/laboratory-studies/nutritional-assessment/screening-tools.mdx
/docs/evaluation/laboratory-studies/nutritional-assessment/serum-albumin,Serum Albumin,docs/02-evaluation/laboratory-studies/nutritional-assessment/serum-albumin.mdx
/docs/evaluation/laboratory-studies/nutritional-assessment/thiamine,Thiamine (Vitamin B1),docs/02-evaluation/laboratory-studies/nutritional-assessment/thiamine.mdx
/docs/evaluation/laboratory-studies/nutritional-assessment/transferrin,Transferrin,docs/02-evaluation/laboratory-studies/nutritional-assessment/transferrin.mdx
/docs/evaluation/laboratory-studies/nutritional-assessment/vitamin-a,Vitamin A,docs/02-evaluation/laboratory-studies/nutritional-assessment/vitamin-a.mdx
/docs/evaluation/laboratory-studies/nutritional-assessment/vitamin-b12,Vitamin B12 (Cobalamin),docs/02-evaluation/laboratory-studies/nutritional-assessment/vitamin-b12.mdx
/docs/evaluation/laboratory-studies/nutritional-assessment/vitamin-d,Vitamin D,docs/02-evaluation/laboratory-studies/nutritional-assessment/vitamin-d.mdx
/docs/evaluation/laboratory-studies/nutritional-assessment/zinc,Zinc,docs/02-evaluation/laboratory-studies/nutritional-assessment/zinc.mdx
/docs/evaluation/laboratory-studies/preoperative-labs,Preoperative Labs,docs/02-evaluation/laboratory-studies/preoperative-labs.mdx
/docs/evaluation/laboratory-studies/renal-function-metabolic-surveillance,Renal Function & Metabolic Surveillance After Bowel-Based Reconstruction,docs/02-evaluation/laboratory-studies/renal-function-metabolic-surveillance.mdx
/docs/evaluation/laboratory-studies/urine-studies,Urine Studies,docs/02-evaluation/laboratory-studies/urine-studies.mdx
/docs/foundations,Foundations,docs/01-foundations/index.mdx
/docs/foundations/anatomy-physiology,Anatomy & Physiology,docs/01-foundations/anatomy-physiology/index.mdx
/docs/foundations/anatomy-physiology/genitalia/adnexa,The Adnexa,docs/01-foundations/anatomy-physiology/genitalia/adnexa.mdx
/docs/foundations/anatomy-physiology/genitalia/cervix,The Cervix,docs/01-foundations/anatomy-physiology/genitalia/cervix.mdx
/docs/foundations/anatomy-physiology/genitalia/female-external-genitalia,The Vulva,docs/01-foundations/anatomy-physiology/genitalia/female-external-genitalia.mdx
/docs/foundations/anatomy-physiology/genitalia/penis-anatomy-physiology,The Penis,docs/01-foundations/anatomy-physiology/genitalia/penis-anatomy-physiology.mdx
/docs/foundations/anatomy-physiology/genitalia/prostate-seminal-vesicle,The Prostate & Seminal Vesicles,docs/01-foundations/anatomy-physiology/genitalia/prostate-seminal-vesicle.mdx
/docs/foundations/anatomy-physiology/genitalia/testicles-scrotum,The Testicles & Scrotum,docs/01-foundations/anatomy-physiology/genitalia/testicles-scrotum.mdx
/docs/foundations/anatomy-physiology/genitalia/uterus,The Uterus,docs/01-foundations/anatomy-physiology/genitalia/uterus.mdx
/docs/foundations/anatomy-physiology/genitalia/vaginal-anatomy,The Vagina,docs/01-foundations/anatomy-physiology/genitalia/vaginal-anatomy.mdx
/docs/foundations/anatomy-physiology/lower-extremity/leg-thigh,The Leg & Thigh,docs/01-foundations/anatomy-physiology/donor-sites/leg-thigh.mdx
/docs/foundations/anatomy-physiology/oral-cavity,The Oral Cavity,docs/01-foundations/anatomy-physiology/donor-sites/oral-cavity.mdx
/docs/foundations/anatomy-physiology/pelvis-support/abdominal-wall,The Abdominal Wall,docs/01-foundations/anatomy-physiology/donor-sites/abdominal-wall.mdx
/docs/foundations/anatomy-physiology/pelvis-support/anal-anatomy,The Anal Canal,docs/01-foundations/anatomy-physiology/pelvis-support/anal-anatomy.mdx
/docs/foundations/anatomy-physiology/pelvis-support/bony-pelvic-anatomy,Bony Pelvic Anatomy,docs/01-foundations/anatomy-physiology/pelvis-support/bony-pelvic-anatomy.mdx
/docs/foundations/anatomy-physiology/pelvis-support/bowel-anatomy,Bowel Anatomy,docs/01-foundations/anatomy-physiology/donor-sites/bowel-anatomy.mdx
/docs/foundations/anatomy-physiology/pelvis-support/gu-embryology,GU Embryology,docs/01-foundations/anatomy-physiology/urinary-tract/gu-embryology.mdx
/docs/foundations/anatomy-physiology/pelvis-support/pelvic-neuroanatomy,Pelvic Neuroanatomy,docs/01-foundations/anatomy-physiology/pelvis-support/pelvic-neuroanatomy.mdx
/docs/foundations/anatomy-physiology/pelvis-support/pelvic-vascular-anatomy,Pelvic Vascular Anatomy,docs/01-foundations/anatomy-physiology/pelvis-support/pelvic-vascular-anatomy.mdx
/docs/foundations/anatomy-physiology/pelvis-support/perineum,The Perineum,docs/01-foundations/anatomy-physiology/pelvis-support/perineum.mdx
/docs/foundations/anatomy-physiology/pelvis-support/presacral-anatomy,The Presacral Space,docs/01-foundations/anatomy-physiology/pelvis-support/presacral-anatomy.mdx
/docs/foundations/anatomy-physiology/pelvis-support/retropubic-anatomy,The Retropubic Space,docs/01-foundations/anatomy-physiology/pelvis-support/retropubic-anatomy.mdx
/docs/foundations/anatomy-physiology/skin,Skin Anatomy for the Reconstructive Surgeon,docs/01-foundations/anatomy-physiology/donor-sites/skin.mdx
/docs/foundations/anatomy-physiology/urinary-tract/bladder-anatomy-physiology,The Bladder,docs/01-foundations/anatomy-physiology/urinary-tract/bladder-anatomy-physiology.mdx
/docs/foundations/anatomy-physiology/urinary-tract/female-urethra,Female Urethra,docs/01-foundations/anatomy-physiology/urinary-tract/female-urethra.mdx
/docs/foundations/anatomy-physiology/urinary-tract/male-urethra,Male Urethra,docs/01-foundations/anatomy-physiology/urinary-tract/male-urethra.mdx
/docs/foundations/anatomy-physiology/urinary-tract/renal-anatomy-physiology,The Kidneys,docs/01-foundations/anatomy-physiology/urinary-tract/renal-anatomy-physiology.mdx
/docs/foundations/anatomy-physiology/urinary-tract/ureter-anatomy-physiology,The Ureters,docs/01-foundations/anatomy-physiology/urinary-tract/ureter-anatomy-physiology.mdx
/docs/foundations/perioperative-care,Perioperative Care,docs/01-foundations/perioperative-care/index.mdx
/docs/foundations/perioperative-care/intraoperative-care/analgesia,Perioperative Analgesia,docs/01-foundations/perioperative-care/intraoperative-care/analgesia.mdx
/docs/foundations/perioperative-care/intraoperative-care/anesthesia,Anesthesia — An Overview for the Reconstructive Urologist,docs/01-foundations/perioperative-care/intraoperative-care/anesthesia.mdx
/docs/foundations/perioperative-care/intraoperative-care/draping-skin-antisepsis,Surgical Draping & Skin Antisepsis,docs/01-foundations/perioperative-care/intraoperative-care/draping-skin-antisepsis.mdx
/docs/foundations/perioperative-care/intraoperative-care/nausea-vomiting,Postoperative Nausea & Vomiting (PONV),docs/01-foundations/perioperative-care/intraoperative-care/nausea-vomiting.mdx
/docs/foundations/perioperative-care/intraoperative-care/nerve-blocks,Nerve Blocks,docs/01-foundations/perioperative-care/intraoperative-care/nerve-blocks.mdx
/docs/foundations/perioperative-care/intraoperative-care/positioning-nerve-injury,Positioning & Nerve Injury,docs/01-foundations/perioperative-care/intraoperative-care/positioning-nerve-injury.mdx
/docs/foundations/perioperative-care/intraoperative-care/surgical-gloving,Surgical Gloving,docs/01-foundations/perioperative-care/intraoperative-care/surgical-gloving.mdx
/docs/foundations/perioperative-care/intraoperative-care/surgical-hand-antisepsis,Surgical Scrub & Hand Antisepsis,docs/01-foundations/perioperative-care/intraoperative-care/surgical-hand-antisepsis.mdx
/docs/foundations/perioperative-care/perioperative-protocols/antithrombotic-therapy,Antithrombotic Therapy,docs/01-foundations/perioperative-care/perioperative-protocols/antithrombotic-therapy.mdx
/docs/foundations/perioperative-care/perioperative-protocols/eras,Enhanced Recovery After Surgery (ERAS),docs/01-foundations/perioperative-care/perioperative-protocols/eras.mdx
/docs/foundations/perioperative-care/postoperative-management/constipation,Postoperative Constipation and Ileus,docs/01-foundations/perioperative-care/postoperative-management/constipation.mdx
/docs/foundations/perioperative-care/postoperative-management/electrolyte-abnormalities,Electrolyte Abnormalities,docs/01-foundations/perioperative-care/postoperative-management/electrolyte-abnormalities.mdx
/docs/foundations/perioperative-care/postoperative-management/nutrition,Perioperative Nutrition,docs/01-foundations/perioperative-care/postoperative-management/nutrition.mdx
/docs/foundations/perioperative-care/postoperative-management/pulmonary-embolism,Pulmonary Embolism,docs/01-foundations/perioperative-care/postoperative-management/pulmonary-embolism.mdx
/docs/foundations/perioperative-care/preoperative-assessment/cardiovascular-risk,Cardiovascular Risk,docs/01-foundations/perioperative-care/preoperative-assessment/cardiovascular-risk.mdx
/docs/foundations/perioperative-care/preoperative-assessment/diabetes,Diabetes — Perioperative Management,docs/01-foundations/perioperative-care/preoperative-assessment/diabetes.mdx
/docs/foundations/perioperative-care/preoperative-assessment/frailty,Frailty,docs/01-foundations/perioperative-care/preoperative-assessment/frailty.mdx
/docs/foundations/perioperative-care/preoperative-assessment/immunosuppression,Immunosuppression — Perioperative Management,docs/01-foundations/perioperative-care/preoperative-assessment/immunosuppression.mdx
/docs/foundations/perioperative-care/preoperative-assessment/risk-calculators,Risk Calculators,docs/01-foundations/perioperative-care/preoperative-assessment/risk-calculators.mdx
/docs/foundations/perioperative-care/preoperative-assessment/steroids,Steroids — Perioperative Management,docs/01-foundations/perioperative-care/preoperative-assessment/steroids.mdx
/docs/foundations/pharmacology,Pharmacology,docs/01-foundations/pharmacology/index.mdx
/docs/foundations/pharmacology/bladder-pain-ic-bps,Bladder Pain &amp; IC/BPS Pharmacotherapy,docs/01-foundations/pharmacology/bladder-pain-ic-bps/index.mdx
/docs/foundations/pharmacology/bladder-pain-ic-bps/intravesical-agents,Intravesical Agents for IC/BPS,docs/01-foundations/pharmacology/bladder-pain-ic-bps/intravesical-agents.mdx
/docs/foundations/pharmacology/bladder-pain-ic-bps/oral-ic-bps-agents,Oral IC/BPS Agents,docs/01-foundations/pharmacology/bladder-pain-ic-bps/oral-ic-bps-agents.mdx
/docs/foundations/pharmacology/dermatologic-topical-urethral,Dermatologic &amp; Topical Urethral Pharmacotherapy,docs/01-foundations/pharmacology/dermatologic-topical-urethral/index.mdx
/docs/foundations/pharmacology/dermatologic-topical-urethral/antimitotics-antifibrotics,Antimitotics and Antifibrotics,docs/01-foundations/pharmacology/dermatologic-topical-urethral/antimitotics-antifibrotics.mdx
/docs/foundations/pharmacology/dermatologic-topical-urethral/drug-coated-balloon-therapy,Drug-Coated Balloon Therapy — Optilume,docs/01-foundations/pharmacology/dermatologic-topical-urethral/drug-coated-balloon-therapy.mdx
/docs/foundations/pharmacology/dermatologic-topical-urethral/high-potency-topical-corticosteroids,High-Potency Topical Corticosteroids,docs/01-foundations/pharmacology/dermatologic-topical-urethral/high-potency-topical-corticosteroids.mdx
/docs/foundations/pharmacology/dermatologic-topical-urethral/hpv-topical-agents,HPV / Condyloma Topical Agents,docs/01-foundations/pharmacology/dermatologic-topical-urethral/hpv-topical-agents.mdx
/docs/foundations/pharmacology/dermatologic-topical-urethral/intralesional-corticosteroids,Intralesional Corticosteroids,docs/01-foundations/pharmacology/dermatologic-topical-urethral/intralesional-corticosteroids.mdx
/docs/foundations/pharmacology/dermatologic-topical-urethral/platelet-rich-plasma,Platelet-Rich Plasma (PRP),docs/01-foundations/pharmacology/dermatologic-topical-urethral/platelet-rich-plasma.mdx
/docs/foundations/pharmacology/dermatologic-topical-urethral/topical-calcineurin-inhibitors,Topical Calcineurin Inhibitors,docs/01-foundations/pharmacology/dermatologic-topical-urethral/topical-calcineurin-inhibitors.mdx
/docs/foundations/pharmacology/hormonal-therapies,Hormonal Therapies,docs/01-foundations/pharmacology/hormonal-therapies/index.mdx
/docs/foundations/pharmacology/hormonal-therapies/gender-affirming-hormone-therapy,Gender-Affirming Hormone Therapy (GAHT),docs/01-foundations/pharmacology/hormonal-therapies/gender-affirming-hormone-therapy.mdx
/docs/foundations/pharmacology/hormonal-therapies/ospemifene,Ospemifene,docs/01-foundations/pharmacology/hormonal-therapies/ospemifene.mdx
/docs/foundations/pharmacology/hormonal-therapies/preoperative-hormonal-priming,Preoperative Hormonal Priming,docs/01-foundations/pharmacology/hormonal-therapies/preoperative-hormonal-priming.mdx
/docs/foundations/pharmacology/hormonal-therapies/vaginal-dhea,Vaginal DHEA (Prasterone),docs/01-foundations/pharmacology/hormonal-therapies/vaginal-dhea.mdx
/docs/foundations/pharmacology/hormonal-therapies/vaginal-moisturizers,Vaginal Moisturizers & Lubricants,docs/01-foundations/pharmacology/hormonal-therapies/vaginal-moisturizers.mdx
/docs/foundations/pharmacology/hormonal-therapies/vaginal-topical-estrogen,Vaginal and Topical Estrogen,docs/01-foundations/pharmacology/hormonal-therapies/vaginal-topical-estrogen.mdx
/docs/foundations/pharmacology/infection-prophylaxis,Infection &amp; Prophylaxis Pharmacotherapy,docs/01-foundations/pharmacology/infection-prophylaxis/index.mdx
/docs/foundations/pharmacology/infection-prophylaxis/antifungals,Antifungals,docs/01-foundations/pharmacology/infection-prophylaxis/antifungals.mdx
/docs/foundations/pharmacology/infection-prophylaxis/non-antibiotic-uti-prevention,Non-Antibiotic UTI Prevention,docs/01-foundations/pharmacology/infection-prophylaxis/non-antibiotic-uti-prevention.mdx
/docs/foundations/pharmacology/infection-prophylaxis/perioperative-antibiotic-prophylaxis,Perioperative Antibiotic Prophylaxis,docs/01-foundations/pharmacology/infection-prophylaxis/perioperative-antibiotic-prophylaxis.mdx
/docs/foundations/pharmacology/infection-prophylaxis/prosthetic-infection-biofilm,Prosthetic Infection and Biofilm Protocols,docs/01-foundations/pharmacology/infection-prophylaxis/prosthetic-infection-biofilm.mdx
/docs/foundations/pharmacology/infection-prophylaxis/uti-suppressive-prophylactic,UTI Suppressive and Prophylactic Therapy,docs/01-foundations/pharmacology/infection-prophylaxis/uti-suppressive-prophylactic.mdx
/docs/foundations/pharmacology/infection-prophylaxis/uti-treatment-antibiotics,UTI Treatment Antibiotics,docs/01-foundations/pharmacology/infection-prophylaxis/uti-treatment-antibiotics.mdx
/docs/foundations/pharmacology/intraoperative-adjuncts,Intraoperative Adjuncts,docs/01-foundations/pharmacology/intraoperative-adjuncts/index.mdx
/docs/foundations/pharmacology/intraoperative-adjuncts/hemostatic-agents,Hemostatic Agents,docs/01-foundations/pharmacology/intraoperative-adjuncts/hemostatic-agents/index.mdx
/docs/foundations/pharmacology/intraoperative-adjuncts/hemostatic-agents/arista,Arista AH — Microporous Polysaccharide Hemospheres,docs/01-foundations/pharmacology/intraoperative-adjuncts/hemostatic-agents/arista.mdx
/docs/foundations/pharmacology/intraoperative-adjuncts/hemostatic-agents/floseal,FloSeal — Flowable Gelatin-Thrombin Hemostatic Matrix,docs/01-foundations/pharmacology/intraoperative-adjuncts/hemostatic-agents/floseal.mdx
/docs/foundations/pharmacology/intraoperative-adjuncts/hemostatic-agents/gelfoam,Gelfoam and Surgiflo — Gelatin-Based Hemostatic Matrices,docs/01-foundations/pharmacology/intraoperative-adjuncts/hemostatic-agents/gelfoam.mdx
/docs/foundations/pharmacology/intraoperative-adjuncts/hemostatic-agents/surgicel,Surgicel — Oxidized Regenerated Cellulose,docs/01-foundations/pharmacology/intraoperative-adjuncts/hemostatic-agents/surgicel.mdx
/docs/foundations/pharmacology/intraoperative-adjuncts/hemostatic-agents/topical-thrombin,Topical Thrombin,docs/01-foundations/pharmacology/intraoperative-adjuncts/hemostatic-agents/topical-thrombin.mdx
/docs/foundations/pharmacology/intraoperative-adjuncts/hydrodissection-agents,Hydrodissection,docs/01-foundations/pharmacology/intraoperative-adjuncts/hydrodissection-agents.mdx
/docs/foundations/pharmacology/intraoperative-adjuncts/liposomal-bupivacaine,Liposomal Bupivacaine (Exparel),docs/01-foundations/pharmacology/intraoperative-adjuncts/liposomal-bupivacaine.mdx
/docs/foundations/pharmacology/intraoperative-adjuncts/tissue-sealants,Tissue Sealants &amp; Adhesives,docs/01-foundations/pharmacology/intraoperative-adjuncts/tissue-sealants/index.mdx
/docs/foundations/pharmacology/intraoperative-adjuncts/tissue-sealants/cyanoacrylates,"Cyanoacrylate Tissue Adhesives — Dermabond, Histoacryl",docs/01-foundations/pharmacology/intraoperative-adjuncts/tissue-sealants/cyanoacrylates.mdx
/docs/foundations/pharmacology/intraoperative-adjuncts/tissue-sealants/fibrin-sealants,"Fibrin Sealants — Tisseel, Evicel, Artiss",docs/01-foundations/pharmacology/intraoperative-adjuncts/tissue-sealants/fibrin-sealants.mdx
/docs/foundations/pharmacology/intraoperative-adjuncts/tissue-sealants/peg-sealants,PEG-Based Sealants — CoSeal and Related Products,docs/01-foundations/pharmacology/intraoperative-adjuncts/tissue-sealants/peg-sealants.mdx
/docs/foundations/pharmacology/intraoperative-adjuncts/tissue-sealants/tachosil,TachoSil and Evarrest — Fibrin Sealant Patches,docs/01-foundations/pharmacology/intraoperative-adjuncts/tissue-sealants/tachosil.mdx
/docs/foundations/pharmacology/intraoperative-adjuncts/tranexamic-acid,Tranexamic Acid,docs/01-foundations/pharmacology/intraoperative-adjuncts/tranexamic-acid.mdx
/docs/foundations/pharmacology/intraoperative-adjuncts/visualization-agents,Intraoperative Visualization Agents,docs/01-foundations/pharmacology/intraoperative-adjuncts/visualization-agents/index.mdx
/docs/foundations/pharmacology/intraoperative-adjuncts/visualization-agents/icg,Indocyanine Green (ICG),docs/01-foundations/pharmacology/intraoperative-adjuncts/visualization-agents/icg.mdx
/docs/foundations/pharmacology/intraoperative-adjuncts/visualization-agents/indigo-carmine,Indigo Carmine,docs/01-foundations/pharmacology/intraoperative-adjuncts/visualization-agents/indigo-carmine.mdx
/docs/foundations/pharmacology/intraoperative-adjuncts/visualization-agents/methylene-blue,Methylene Blue,docs/01-foundations/pharmacology/intraoperative-adjuncts/visualization-agents/methylene-blue.mdx
/docs/foundations/pharmacology/intraoperative-adjuncts/visualization-agents/pudexacianinium,Pudexacianinium — ASP-5354,docs/01-foundations/pharmacology/intraoperative-adjuncts/visualization-agents/pudexacianinium.mdx
/docs/foundations/pharmacology/intraoperative-adjuncts/visualization-agents/sodium-fluorescein,Sodium Fluorescein,docs/01-foundations/pharmacology/intraoperative-adjuncts/visualization-agents/sodium-fluorescein.mdx
/docs/foundations/pharmacology/legacy-low-evidence,Legacy &amp; Low-Evidence Classes,docs/01-foundations/pharmacology/legacy-low-evidence/index.mdx
/docs/foundations/pharmacology/legacy-low-evidence/imipramine,Imipramine,docs/01-foundations/pharmacology/legacy-low-evidence/imipramine.mdx
/docs/foundations/pharmacology/legacy-low-evidence/parasympathomimetics,Parasympathomimetics — Legacy and Specialty Uses,docs/01-foundations/pharmacology/legacy-low-evidence/parasympathomimetics.mdx
/docs/foundations/pharmacology/legacy-low-evidence/phenazopyridine,Phenazopyridine,docs/01-foundations/pharmacology/legacy-low-evidence/phenazopyridine.mdx
/docs/foundations/pharmacology/legacy-low-evidence/phytotherapy,Phytotherapy for LUTS / BPH,docs/01-foundations/pharmacology/legacy-low-evidence/phytotherapy.mdx
/docs/foundations/pharmacology/neuromodulation-adjuncts,Neuromodulation Adjuncts,docs/01-foundations/pharmacology/neuromodulation-adjuncts/index.mdx
/docs/foundations/pharmacology/neuromodulation-adjuncts/botulinum-toxin,Botulinum Toxin (Neuromodulation Adjunct),docs/01-foundations/pharmacology/neuromodulation-adjuncts/botulinum-toxin.mdx
/docs/foundations/pharmacology/neuropathic-pelvic-pain,Neuropathic &amp; Pelvic Pain Pharmacotherapy,docs/01-foundations/pharmacology/neuropathic-pelvic-pain/index.mdx
/docs/foundations/pharmacology/neuropathic-pelvic-pain/antispasmodics,Antispasmodics,docs/01-foundations/pharmacology/neuropathic-pelvic-pain/antispasmodics.mdx
/docs/foundations/pharmacology/neuropathic-pelvic-pain/gabapentinoids,Gabapentinoids,docs/01-foundations/pharmacology/neuropathic-pelvic-pain/gabapentinoids.mdx
/docs/foundations/pharmacology/neuropathic-pelvic-pain/local-anesthetics,Local Anesthetics,docs/01-foundations/pharmacology/neuropathic-pelvic-pain/local-anesthetics.mdx
/docs/foundations/pharmacology/neuropathic-pelvic-pain/nsaids-analgesics,NSAIDs and Analgesics,docs/01-foundations/pharmacology/neuropathic-pelvic-pain/nsaids-analgesics.mdx
/docs/foundations/pharmacology/neuropathic-pelvic-pain/snris,Serotonin–Norepinephrine Reuptake Inhibitors (SNRIs),docs/01-foundations/pharmacology/neuropathic-pelvic-pain/snris.mdx
/docs/foundations/pharmacology/neuropathic-pelvic-pain/topical-compounded-agents,Topical Compounded Agents,docs/01-foundations/pharmacology/neuropathic-pelvic-pain/topical-compounded-agents.mdx
/docs/foundations/pharmacology/neuropathic-pelvic-pain/tricyclic-antidepressants,Tricyclic Antidepressants,docs/01-foundations/pharmacology/neuropathic-pelvic-pain/tricyclic-antidepressants.mdx
/docs/foundations/pharmacology/perioperative-eras,Perioperative &amp; ERAS Pharmacotherapy,docs/01-foundations/pharmacology/perioperative-eras/index.mdx
/docs/foundations/pharmacology/perioperative-eras/anticoagulation-reversal,Anticoagulation Reversal — Drug-Class Hub,docs/01-foundations/pharmacology/perioperative-eras/anticoagulation-reversal.mdx
/docs/foundations/pharmacology/perioperative-eras/bowel-preparation,Bowel Preparation — Drug-Class Hub,docs/01-foundations/pharmacology/perioperative-eras/bowel-preparation.mdx
/docs/foundations/pharmacology/perioperative-eras/corticosteroids,Corticosteroids in Urology,docs/01-foundations/pharmacology/perioperative-eras/corticosteroids.mdx
/docs/foundations/pharmacology/perioperative-eras/postop-bowel-ileus-management,Postoperative Bowel &amp; Ileus Management — Drug-Class Hub,docs/01-foundations/pharmacology/perioperative-eras/postop-bowel-ileus-management.mdx
/docs/foundations/pharmacology/perioperative-eras/vte-prophylaxis,VTE Prophylaxis — Drug-Class Hub,docs/01-foundations/pharmacology/perioperative-eras/vte-prophylaxis.mdx
/docs/foundations/pharmacology/sexual-medicine-andrology,Sexual Medicine &amp; Andrology Pharmacotherapy,docs/01-foundations/pharmacology/sexual-medicine-andrology/index.mdx
/docs/foundations/pharmacology/sexual-medicine-andrology/androgen-adjuncts,Androgen Adjuncts,docs/01-foundations/pharmacology/sexual-medicine-andrology/androgen-adjuncts.mdx
/docs/foundations/pharmacology/sexual-medicine-andrology/bremelanotide,Bremelanotide (Vyleesi) — Female HSDD,docs/01-foundations/pharmacology/sexual-medicine-andrology/bremelanotide.mdx
/docs/foundations/pharmacology/sexual-medicine-andrology/female-testosterone-hsdd,Female Testosterone for HSDD — Off-Label Transdermal Therapy,docs/01-foundations/pharmacology/sexual-medicine-andrology/female-testosterone-hsdd.mdx
/docs/foundations/pharmacology/sexual-medicine-andrology/flibanserin,Flibanserin (Addyi) — Female HSDD,docs/01-foundations/pharmacology/sexual-medicine-andrology/flibanserin.mdx
/docs/foundations/pharmacology/sexual-medicine-andrology/intracavernosal-injection-agents,Intracavernosal Injection Agents,docs/01-foundations/pharmacology/sexual-medicine-andrology/intracavernosal-injection-agents.mdx
/docs/foundations/pharmacology/sexual-medicine-andrology/intraurethral-alprostadil,Intraurethral Alprostadil,docs/01-foundations/pharmacology/sexual-medicine-andrology/intraurethral-alprostadil.mdx
/docs/foundations/pharmacology/sexual-medicine-andrology/pde5-inhibitors,PDE5 Inhibitors,docs/01-foundations/pharmacology/sexual-medicine-andrology/pde5-inhibitors.mdx
/docs/foundations/pharmacology/sexual-medicine-andrology/peyronies-disease-agents,Peyronie's Disease Agents,docs/01-foundations/pharmacology/sexual-medicine-andrology/peyronies-disease-agents.mdx
/docs/foundations/pharmacology/sexual-medicine-andrology/priapism-management,Priapism Management — Pharmacologic Agents,docs/01-foundations/pharmacology/sexual-medicine-andrology/priapism-management.mdx
/docs/foundations/pharmacology/sexual-medicine-andrology/testosterone-replacement,Testosterone Replacement Therapy,docs/01-foundations/pharmacology/sexual-medicine-andrology/testosterone-replacement.mdx
/docs/foundations/pharmacology/storage-oab,Storage &amp; Overactive Bladder Pharmacotherapy,docs/01-foundations/pharmacology/storage-oab/index.mdx
/docs/foundations/pharmacology/storage-oab/anticholinergics,Anticholinergic / Antimuscarinic Agents,docs/01-foundations/pharmacology/storage-oab/anticholinergics.mdx
/docs/foundations/pharmacology/storage-oab/beta3-agonists,β3-Adrenergic Receptor Agonists,docs/01-foundations/pharmacology/storage-oab/beta3-agonists.mdx
/docs/foundations/pharmacology/storage-oab/botulinum-toxin,Botulinum Toxin (OnabotulinumtoxinA &amp; Variants),docs/01-foundations/pharmacology/storage-oab/botulinum-toxin.mdx
/docs/foundations/pharmacology/storage-oab/desmopressin,Desmopressin,docs/01-foundations/pharmacology/storage-oab/desmopressin.mdx
/docs/foundations/pharmacology/urinary-diversion-specific,Urinary Diversion–Specific Pharmacotherapy,docs/01-foundations/pharmacology/urinary-diversion-specific/index.mdx
/docs/foundations/pharmacology/urinary-diversion-specific/mucus-management,Mucus Management in Urinary Diversions,docs/01-foundations/pharmacology/urinary-diversion-specific/mucus-management.mdx
/docs/foundations/pharmacology/urinary-diversion-specific/urinary-acidifiers,Urinary Acidifiers and Alkalinizers,docs/01-foundations/pharmacology/urinary-diversion-specific/urinary-acidifiers.mdx
/docs/foundations/pharmacology/urinary-diversion-specific/vitamin-b12-supplementation,Vitamin B12 Supplementation in Urinary Diversion,docs/01-foundations/pharmacology/urinary-diversion-specific/vitamin-b12-supplementation.mdx
/docs/foundations/pharmacology/voiding-outlet,Voiding &amp; Outlet Pharmacotherapy,docs/01-foundations/pharmacology/voiding-outlet/index.mdx
/docs/foundations/pharmacology/voiding-outlet/5-alpha-reductase-inhibitors,5α-Reductase Inhibitors (5-ARIs),docs/01-foundations/pharmacology/voiding-outlet/5-alpha-reductase-inhibitors.mdx
/docs/foundations/pharmacology/voiding-outlet/alpha-agonists,Alpha Agonists,docs/01-foundations/pharmacology/voiding-outlet/alpha-agonists.mdx
/docs/foundations/pharmacology/voiding-outlet/alpha-blockers,Alpha Blockers (α1-Adrenergic Receptor Antagonists),docs/01-foundations/pharmacology/voiding-outlet/alpha-blockers.mdx
/docs/foundations/pharmacology/voiding-outlet/cholinergic-agonists,Cholinergic Agonists,docs/01-foundations/pharmacology/voiding-outlet/cholinergic-agonists.mdx
/docs/foundations/pharmacology/voiding-outlet/dantrolene,Dantrolene,docs/01-foundations/pharmacology/voiding-outlet/dantrolene.mdx
/docs/foundations/pharmacology/voiding-outlet/skeletal-muscle-relaxants,Skeletal Muscle Relaxants,docs/01-foundations/pharmacology/voiding-outlet/skeletal-muscle-relaxants.mdx
/docs/foundations/surgical-principles,Surgical Principles,docs/01-foundations/surgical-principles/index.mdx
/docs/foundations/surgical-principles/barbed-sutures,Barbed Sutures,docs/01-foundations/surgical-principles/barbed-sutures.mdx
/docs/foundations/surgical-principles/bowel-anastomosis,Bowel Anastomosis,docs/01-foundations/surgical-principles/bowel-anastomosis.mdx
/docs/foundations/surgical-principles/bowel-handling-injury-management,Intraoperative Bowel Handling & Injury Management,docs/01-foundations/surgical-principles/bowel-handling-injury-management.mdx
/docs/foundations/surgical-principles/exposure,Operative Exposure,docs/01-foundations/surgical-principles/exposure.mdx
/docs/foundations/surgical-principles/flaps-gu-reconstruction,Flaps in Genitourinary Reconstruction,docs/01-foundations/surgical-principles/flaps-gu-reconstruction.mdx
/docs/foundations/surgical-principles/flaps/anterolateral-thigh,Anterolateral Thigh (ALT) Flap,docs/01-foundations/surgical-principles/flaps/anterolateral-thigh.mdx
/docs/foundations/surgical-principles/flaps/bilobed,Bilobed Flap,docs/01-foundations/surgical-principles/flaps/bilobed.mdx
/docs/foundations/surgical-principles/flaps/bladder-flap,Bladder Flap Family,docs/01-foundations/surgical-principles/flaps/bladder-flap.mdx
/docs/foundations/surgical-principles/flaps/blandy,Blandy Flap,docs/01-foundations/surgical-principles/flaps/blandy.mdx
/docs/foundations/surgical-principles/flaps/diep,Deep Inferior Epigastric Perforator (DIEP) Flap,docs/01-foundations/surgical-principles/flaps/diep.mdx
/docs/foundations/surgical-principles/flaps/epap,External Pudendal Artery Perforator (EPAP) Hemi-Scrotal Flap,docs/01-foundations/surgical-principles/flaps/epap.mdx
/docs/foundations/surgical-principles/flaps/gracilis,Gracilis Flap,docs/01-foundations/surgical-principles/flaps/gracilis.mdx
/docs/foundations/surgical-principles/flaps/heineke-mikulicz,Heineke-Mikulicz Technique,docs/01-foundations/surgical-principles/flaps/heineke-mikulicz.mdx
/docs/foundations/surgical-principles/flaps/igap-gluteal-fold,Gluteal-Region Perforator Flaps (SGAP / IGAP / Gluteal-Fold),docs/01-foundations/surgical-principles/flaps/igap-gluteal-fold.mdx
/docs/foundations/surgical-principles/flaps/ipap,Internal Pudendal Artery Perforator (IPAP) Flap,docs/01-foundations/surgical-principles/flaps/ipap.mdx
/docs/foundations/surgical-principles/flaps/island-groin,Island Groin Flap (SCIA-Axial) and Its Perforator Evolution,docs/01-foundations/surgical-principles/flaps/island-groin.mdx
/docs/foundations/surgical-principles/flaps/labia-majora-fasciocutaneous,Labia Majora Fasciocutaneous Flap,docs/01-foundations/surgical-principles/flaps/labia-majora-fasciocutaneous.mdx
/docs/foundations/surgical-principles/flaps/lotus-petal,Lotus Petal Flap,docs/01-foundations/surgical-principles/flaps/lotus-petal.mdx
/docs/foundations/surgical-principles/flaps/martius,Martius Flap,docs/01-foundations/surgical-principles/flaps/martius.mdx
/docs/foundations/surgical-principles/flaps/mcfap,Medial Circumflex Femoral Artery Perforator (MCFAP) Flap,docs/01-foundations/surgical-principles/flaps/mcfap.mdx
/docs/foundations/surgical-principles/flaps/medial-thigh,Medial Thigh Flap Family,docs/01-foundations/surgical-principles/flaps/medial-thigh.mdx
/docs/foundations/surgical-principles/flaps/omental,Omental Flap,docs/01-foundations/surgical-principles/flaps/omental.mdx
/docs/foundations/surgical-principles/flaps/penile-preputial,Pedicled Penile / Preputial Skin Flap,docs/01-foundations/surgical-principles/flaps/penile-preputial.mdx
/docs/foundations/surgical-principles/flaps/peritoneal,Peritoneal Flap,docs/01-foundations/surgical-principles/flaps/peritoneal.mdx
/docs/foundations/surgical-principles/flaps/pmtp-propeller,Posteromedial Thigh Perforator (PMTP) Propeller Flap,docs/01-foundations/surgical-principles/flaps/pmtp-propeller.mdx
/docs/foundations/surgical-principles/flaps/posterior-thigh,Posterior Thigh Flap (Gluteal-Thigh / Friedman-Reece),docs/01-foundations/surgical-principles/flaps/posterior-thigh.mdx
/docs/foundations/surgical-principles/flaps/propeller-flap,Propeller Flap,docs/01-foundations/surgical-principles/flaps/propeller-flap.mdx
/docs/foundations/surgical-principles/flaps/radial-forearm,Radial Forearm Free Flap (RFFF),docs/01-foundations/surgical-principles/flaps/radial-forearm.mdx
/docs/foundations/surgical-principles/flaps/rhomboid-limberg,Rhomboid (Limberg) Flap,docs/01-foundations/surgical-principles/flaps/rhomboid-limberg.mdx
/docs/foundations/surgical-principles/flaps/scip,Superficial Circumflex Iliac Artery Perforator (SCIP) Flap,docs/01-foundations/surgical-principles/flaps/scip.mdx
/docs/foundations/surgical-principles/flaps/singapore-pudendal-thigh,Singapore Flap (Pudendal Thigh Fasciocutaneous Flap),docs/01-foundations/surgical-principles/flaps/singapore-pudendal-thigh.mdx
/docs/foundations/surgical-principles/flaps/tfl,Tensor Fasciae Latae (TFL) Flap,docs/01-foundations/surgical-principles/flaps/tfl.mdx
/docs/foundations/surgical-principles/flaps/tram,Transverse Rectus Abdominis Musculocutaneous (TRAM) Flap,docs/01-foundations/surgical-principles/flaps/tram.mdx
/docs/foundations/surgical-principles/flaps/v-y-advancement,V-Y Advancement Flap,docs/01-foundations/surgical-principles/flaps/v-y-advancement.mdx
/docs/foundations/surgical-principles/flaps/vastus-lateralis,Vastus Lateralis (VL) Flap,docs/01-foundations/surgical-principles/flaps/vastus-lateralis.mdx
/docs/foundations/surgical-principles/flaps/vram,Vertical Rectus Abdominis Myocutaneous (VRAM) Flap,docs/01-foundations/surgical-principles/flaps/vram.mdx
/docs/foundations/surgical-principles/flaps/y-v-plasty,Y-V Plasty,docs/01-foundations/surgical-principles/flaps/y-v-plasty.mdx
/docs/foundations/surgical-principles/flaps/z-plasty,Z-Plasty,docs/01-foundations/surgical-principles/flaps/z-plasty.mdx
/docs/foundations/surgical-principles/grafts-gu-reconstruction,Grafts in Genitourinary Reconstruction,docs/01-foundations/surgical-principles/grafts-gu-reconstruction.mdx
/docs/foundations/surgical-principles/grafts/bladder-mucosa,Bladder Mucosa Graft,docs/01-foundations/surgical-principles/grafts/bladder-mucosa.mdx
/docs/foundations/surgical-principles/grafts/buccal-mucosa,Buccal Mucosa Graft (BMG),docs/01-foundations/surgical-principles/grafts/buccal-mucosa.mdx
/docs/foundations/surgical-principles/grafts/ftsg,Full-Thickness Skin Graft (FTSG),docs/01-foundations/surgical-principles/grafts/ftsg.mdx
/docs/foundations/surgical-principles/grafts/intestinal-segments,Intestinal Segments,docs/01-foundations/surgical-principles/grafts/intestinal-segments.mdx
/docs/foundations/surgical-principles/grafts/labial-mucosa,Oral-Lip Mucosa Graft,docs/01-foundations/surgical-principles/grafts/labial-mucosa.mdx
/docs/foundations/surgical-principles/grafts/lingual-mucosa,Lingual Mucosa Graft (LMG),docs/01-foundations/surgical-principles/grafts/lingual-mucosa.mdx
/docs/foundations/surgical-principles/grafts/penile-preputial-skin,Penile / Preputial Skin Graft,docs/01-foundations/surgical-principles/grafts/penile-preputial-skin.mdx
/docs/foundations/surgical-principles/grafts/posterior-auricular,Posterior Auricular (Postauricular) Skin Graft,docs/01-foundations/surgical-principles/grafts/posterior-auricular.mdx
/docs/foundations/surgical-principles/grafts/saphenous-vein,Saphenous Vein Graft,docs/01-foundations/surgical-principles/grafts/saphenous-vein.mdx
/docs/foundations/surgical-principles/grafts/stsg,Split-Thickness Skin Graft (STSG),docs/01-foundations/surgical-principles/grafts/stsg.mdx
/docs/foundations/surgical-principles/grafts/tissue-engineered,Tissue-Engineered Grafts & Bioscaffolds,docs/01-foundations/surgical-principles/grafts/tissue-engineered.mdx
/docs/foundations/surgical-principles/hyperbaric-oxygen-therapy,Hyperbaric Oxygen Therapy in Reconstructive Urology and Urogynecology,docs/01-foundations/surgical-principles/hyperbaric-oxygen-therapy.mdx
/docs/foundations/surgical-principles/incisions-closure,Incisions & Closure,docs/01-foundations/surgical-principles/incisions-closure.mdx
/docs/foundations/surgical-principles/laparoscopic-access,Laparoscopic Access,docs/01-foundations/surgical-principles/laparoscopic-access.mdx
/docs/foundations/surgical-principles/needles,Needles,docs/01-foundations/surgical-principles/needles.mdx
/docs/foundations/surgical-principles/plastic-surgery-principles,Plastic Surgery Principles,docs/01-foundations/surgical-principles/plastic-surgery-principles.mdx
/docs/foundations/surgical-principles/radiation-tissue-effects,Radiation & Tissue Effects in the Genitourinary Tract,docs/01-foundations/surgical-principles/radiation-tissue-effects.mdx
/docs/foundations/surgical-principles/reconstructive-ladder,Reconstructive Ladder,docs/01-foundations/surgical-principles/reconstructive-ladder.mdx
/docs/foundations/surgical-principles/reoperative-bowel-harvest,Reoperative Bowel Harvest,docs/01-foundations/surgical-principles/reoperative-bowel-harvest.mdx
/docs/foundations/surgical-principles/stoma-site-marking,Stoma Site Marking,docs/01-foundations/surgical-principles/stoma-site-marking.mdx
/docs/foundations/surgical-principles/surgical-ergonomics,Surgical Ergonomics,docs/01-foundations/surgical-principles/surgical-ergonomics.mdx
/docs/foundations/surgical-principles/sutures,Sutures,docs/01-foundations/surgical-principles/sutures.mdx
/docs/foundations/surgical-principles/vascular-damage-control,Vascular Management &amp; Damage Control,docs/01-foundations/surgical-principles/vascular-damage-control.mdx
/docs/foundations/surgical-principles/wound-healing,Wound Healing,docs/01-foundations/surgical-principles/wound-healing.mdx
/docs/foundations/surgical-principles/wound-healing-adjuncts,Wound Healing Adjuncts,docs/01-foundations/surgical-principles/wound-healing-adjuncts.mdx
/docs/foundations/surgical-skills/glove-wetting,Wetting Surgical Gloves for Knot Tying,docs/01-foundations/surgical-skills/glove-wetting.mdx
/docs/foundations/surgical-skills/heaney-stitch,Heaney Stitch,docs/01-foundations/surgical-skills/heaney-stitch.mdx
/docs/foundations/surgical-skills/locking-stitch,Locking Stitch (Running-Locked Suture),docs/01-foundations/surgical-skills/locking-stitch.mdx
/docs/foundations/surgical-skills/parker-kerr-stitch,Parker-Kerr Stitch,docs/01-foundations/surgical-skills/parker-kerr-stitch.mdx
/docs/foundations/surgical-skills/quilting-stitch,Quilting Stitch,docs/01-foundations/surgical-skills/quilting-stitch.mdx
/docs/foundations/surgical-skills/suture-lubrication,"Suture Lubrication: Bacitracin, Petroleum, and Saline",docs/01-foundations/surgical-skills/suture-lubrication.mdx
/docs/foundations/tools,Tools,docs/01-foundations/tools/index.mdx
/docs/foundations/tools/biomaterials,Biomaterials,docs/01-foundations/tools/biomaterials/index.mdx
/docs/foundations/tools/biomaterials/adjunct-specialty/aquablation,Aquablation — Robotic Waterjet System,docs/01-foundations/tools/biomaterials/adjunct-specialty/aquablation.mdx
/docs/foundations/tools/biomaterials/adjunct-specialty/glean-urodynamics,Glean Urodynamics System,docs/01-foundations/tools/biomaterials/adjunct-specialty/glean-urodynamics.mdx
/docs/foundations/tools/biomaterials/adjunct-specialty/himplant,Himplant / Penuma — Subcutaneous Silicone Sleeve,docs/01-foundations/tools/biomaterials/adjunct-specialty/himplant.mdx
/docs/foundations/tools/biomaterials/adjunct-specialty/itind,iTind — Temporary Implantable Nitinol Device,docs/01-foundations/tools/biomaterials/adjunct-specialty/itind.mdx
/docs/foundations/tools/biomaterials/adjunct-specialty/optilume-bph,Optilume BPH — Prostatic Drug-Coated Balloon System,docs/01-foundations/tools/biomaterials/adjunct-specialty/optilume-bph.mdx
/docs/foundations/tools/biomaterials/adjunct-specialty/rezum,Rezūm — Water-Vapor Thermal Therapy,docs/01-foundations/tools/biomaterials/adjunct-specialty/rezum.mdx
/docs/foundations/tools/biomaterials/adjunct-specialty/spaceoar,SpaceOAR Hydrogel,docs/01-foundations/tools/biomaterials/adjunct-specialty/spaceoar.mdx
/docs/foundations/tools/biomaterials/adjunct-specialty/urolift,UroLift — Prostatic Urethral Lift,docs/01-foundations/tools/biomaterials/adjunct-specialty/urolift.mdx
/docs/foundations/tools/biomaterials/autologous-tissue/bowel-segments,Bowel Segments (GI Tissue),docs/01-foundations/tools/biomaterials/autologous-tissue/bowel-segments.mdx
/docs/foundations/tools/biomaterials/autologous-tissue/fascia-lata,Autologous Fascia Lata,docs/01-foundations/tools/biomaterials/autologous-tissue/fascia-lata.mdx
/docs/foundations/tools/biomaterials/autologous-tissue/rectus-fascia,Autologous Rectus Fascia,docs/01-foundations/tools/biomaterials/autologous-tissue/rectus-fascia.mdx
/docs/foundations/tools/biomaterials/biological-grafts/bovine-dermal,Bovine-Derived Grafts (Pericardium &amp; Dermis),docs/01-foundations/tools/biomaterials/biological-grafts/bovine-dermal.mdx
/docs/foundations/tools/biomaterials/biological-grafts/human-acellular-dermal-matrix,Human Acellular Dermal Matrix,docs/01-foundations/tools/biomaterials/biological-grafts/human-acellular-dermal-matrix.mdx
/docs/foundations/tools/biomaterials/biological-grafts/porcine-acellular-collagen,Porcine Acellular Collagen Matrix,docs/01-foundations/tools/biomaterials/biological-grafts/porcine-acellular-collagen.mdx
/docs/foundations/tools/biomaterials/biological-grafts/porcine-sis,Porcine Small Intestinal Submucosa (SIS),docs/01-foundations/tools/biomaterials/biological-grafts/porcine-sis.mdx
/docs/foundations/tools/biomaterials/biological-grafts/tutoplast-allografts,Tutoplast-Processed Allografts,docs/01-foundations/tools/biomaterials/biological-grafts/tutoplast-allografts.mdx
/docs/foundations/tools/biomaterials/bulking-agents/autologous-chondrocytes,Autologous Chondrocyte Injection — Historical Bulking Research,docs/01-foundations/tools/biomaterials/bulking-agents/autologous-chondrocytes.mdx
/docs/foundations/tools/biomaterials/bulking-agents/autologous-fat,Autologous Fat Injection — Historical Bulking Agent,docs/01-foundations/tools/biomaterials/bulking-agents/autologous-fat.mdx
/docs/foundations/tools/biomaterials/bulking-agents/bulkamid,Bulkamid — Polyacrylamide Hydrogel,docs/01-foundations/tools/biomaterials/bulking-agents/bulkamid.mdx
/docs/foundations/tools/biomaterials/bulking-agents/coaptite,Coaptite — Calcium Hydroxylapatite (CaHA),docs/01-foundations/tools/biomaterials/bulking-agents/coaptite.mdx
/docs/foundations/tools/biomaterials/bulking-agents/contigen,Contigen — Glutaraldehyde Cross-Linked Bovine Collagen,docs/01-foundations/tools/biomaterials/bulking-agents/contigen.mdx
/docs/foundations/tools/biomaterials/bulking-agents/deflux,Deflux — Dextranomer / Hyaluronic Acid,docs/01-foundations/tools/biomaterials/bulking-agents/deflux.mdx
/docs/foundations/tools/biomaterials/bulking-agents/durasphere,Durasphere — Carbon-Coated Beads,docs/01-foundations/tools/biomaterials/bulking-agents/durasphere.mdx
/docs/foundations/tools/biomaterials/bulking-agents/historical-agents,Historical Bulking Agents,docs/01-foundations/tools/biomaterials/bulking-agents/historical-agents.mdx
/docs/foundations/tools/biomaterials/bulking-agents/macroplastique,Macroplastique — Polydimethylsiloxane (PDMS),docs/01-foundations/tools/biomaterials/bulking-agents/macroplastique.mdx
/docs/foundations/tools/biomaterials/bulking-agents/teflon,Teflon — Polytetrafluoroethylene (PTFE / Polytef),docs/01-foundations/tools/biomaterials/bulking-agents/teflon.mdx
/docs/foundations/tools/biomaterials/bulking-agents/urolastic,Urolastic — In-Situ Polymerizing Silicone Bulking Implant,docs/01-foundations/tools/biomaterials/bulking-agents/urolastic.mdx
/docs/foundations/tools/biomaterials/foreign-bodies/free-silicone,Free Silicone Injection,docs/01-foundations/tools/biomaterials/foreign-bodies/free-silicone.mdx
/docs/foundations/tools/biomaterials/foreign-bodies/penile-pearls,Penile Pearls,docs/01-foundations/tools/biomaterials/foreign-bodies/penile-pearls.mdx
/docs/foundations/tools/biomaterials/neuromodulation-devices/altaviva,Altaviva — Implantable Tibial Neuromodulation,docs/01-foundations/tools/biomaterials/neuromodulation-devices/altaviva.mdx
/docs/foundations/tools/biomaterials/neuromodulation-devices/axonics-snm,Axonics Sacral Neuromodulation Systems,docs/01-foundations/tools/biomaterials/neuromodulation-devices/axonics-snm.mdx
/docs/foundations/tools/biomaterials/neuromodulation-devices/ecoin,eCoin — Implantable Tibial Nerve Stimulator,docs/01-foundations/tools/biomaterials/neuromodulation-devices/ecoin.mdx
/docs/foundations/tools/biomaterials/neuromodulation-devices/medtronic-interstim,Medtronic InterStim — Sacral Neuromodulation,docs/01-foundations/tools/biomaterials/neuromodulation-devices/medtronic-interstim.mdx
/docs/foundations/tools/biomaterials/neuromodulation-devices/ptns-systems,Percutaneous Tibial Nerve Stimulation — Office-Based Devices,docs/01-foundations/tools/biomaterials/neuromodulation-devices/ptns-systems.mdx
/docs/foundations/tools/biomaterials/neuromodulation-devices/revi-system,Revi — Implantable Tibial Neuromodulation,docs/01-foundations/tools/biomaterials/neuromodulation-devices/revi-system.mdx
/docs/foundations/tools/biomaterials/prosthetics/artificial-urinary-sphincter,Artificial Urinary Sphincter (Device),docs/01-foundations/tools/biomaterials/prosthetics/artificial-urinary-sphincter.mdx
/docs/foundations/tools/biomaterials/prosthetics/inflatable-penile-prosthesis,Inflatable Penile Prosthesis,docs/01-foundations/tools/biomaterials/prosthetics/inflatable-penile-prosthesis.mdx
/docs/foundations/tools/biomaterials/prosthetics/male-continence-implants,Male Continence Implant Devices (Sling Family),docs/01-foundations/tools/biomaterials/prosthetics/male-continence-implants.mdx
/docs/foundations/tools/biomaterials/prosthetics/malleable-penile-prosthesis,Malleable (Semirigid) Penile Prosthesis,docs/01-foundations/tools/biomaterials/prosthetics/malleable-penile-prosthesis.mdx
/docs/foundations/tools/biomaterials/prosthetics/proact-balloons,ProACT — Adjustable Periurethral Balloon System,docs/01-foundations/tools/biomaterials/prosthetics/proact-balloons.mdx
/docs/foundations/tools/biomaterials/surgical-drains/blake-drain,Blake Drain,docs/01-foundations/tools/biomaterials/surgical-drains/blake-drain.mdx
/docs/foundations/tools/biomaterials/surgical-drains/jackson-pratt,Jackson-Pratt (JP) Drain,docs/01-foundations/tools/biomaterials/surgical-drains/jackson-pratt.mdx
/docs/foundations/tools/biomaterials/surgical-drains/penrose-drain,Penrose Drain,docs/01-foundations/tools/biomaterials/surgical-drains/penrose-drain.mdx
/docs/foundations/tools/biomaterials/synthetic-meshes/absorbable-mesh,Absorbable Synthetic Mesh,docs/01-foundations/tools/biomaterials/synthetic-meshes/absorbable-mesh.mdx
/docs/foundations/tools/biomaterials/synthetic-meshes/coated-hybrid-mesh,Coated / Hybrid Mesh,docs/01-foundations/tools/biomaterials/synthetic-meshes/coated-hybrid-mesh.mdx
/docs/foundations/tools/biomaterials/synthetic-meshes/polypropylene,Polypropylene Mesh,docs/01-foundations/tools/biomaterials/synthetic-meshes/polypropylene.mdx
/docs/foundations/tools/biomaterials/tissue-engineering/composite-scaffolds,Composite Scaffolds,docs/01-foundations/tools/biomaterials/tissue-engineering/composite-scaffolds.mdx
/docs/foundations/tools/biomaterials/tissue-engineering/decellularized-ecm,Decellularized Extracellular Matrix (ECM),docs/01-foundations/tools/biomaterials/tissue-engineering/decellularized-ecm.mdx
/docs/foundations/tools/biomaterials/tissue-engineering/synthetic-polymer-scaffolds,Synthetic Polymer Scaffolds,docs/01-foundations/tools/biomaterials/tissue-engineering/synthetic-polymer-scaffolds.mdx
/docs/foundations/tools/biomaterials/ureteral-stents/double-j-stent,Double-J (DJ) Ureteral Stent,docs/01-foundations/tools/biomaterials/ureteral-stents/double-j-stent.mdx
/docs/foundations/tools/biomaterials/ureteral-stents/metal-long-term-stents,Metal &amp; Long-Term Ureteral Stents,docs/01-foundations/tools/biomaterials/ureteral-stents/metal-long-term-stents.mdx
/docs/foundations/tools/biomaterials/ureteral-stents/nephrostomy-tube,Percutaneous Nephrostomy (PCN),docs/01-foundations/tools/biomaterials/ureteral-stents/nephrostomy-tube.mdx
/docs/foundations/tools/biomaterials/ureteral-stents/nephroureteral-stent,Percutaneous Nephroureteral Catheter (PCNU),docs/01-foundations/tools/biomaterials/ureteral-stents/nephroureteral-stent.mdx
/docs/foundations/tools/biomaterials/ureteral-stents/open-ended-ureteral-catheter,Open-Ended Ureteral Catheters,docs/01-foundations/tools/biomaterials/ureteral-stents/open-ended-ureteral-catheter.mdx
/docs/foundations/tools/biomaterials/ureteral-stents/ureteral-access-sheath,Ureteral Access Sheath (UAS),docs/01-foundations/tools/biomaterials/ureteral-stents/ureteral-access-sheath.mdx
/docs/foundations/tools/biomaterials/urinary-catheters/coude-catheter,Coudé (Tiemann) Catheter,docs/01-foundations/tools/biomaterials/urinary-catheters/coude-catheter.mdx
/docs/foundations/tools/biomaterials/urinary-catheters/council-tip-catheter,Council Tip Catheter,docs/01-foundations/tools/biomaterials/urinary-catheters/council-tip-catheter.mdx
/docs/foundations/tools/biomaterials/urinary-catheters/foley-catheter,Foley Catheter,docs/01-foundations/tools/biomaterials/urinary-catheters/foley-catheter.mdx
/docs/foundations/tools/biomaterials/urinary-catheters/intermittent-catheter,Intermittent Catheters and Clean Intermittent Catheterization (CIC),docs/01-foundations/tools/biomaterials/urinary-catheters/intermittent-catheter.mdx
/docs/foundations/tools/biomaterials/urinary-catheters/suprapubic-catheter,Suprapubic Catheter (SPT),docs/01-foundations/tools/biomaterials/urinary-catheters/suprapubic-catheter.mdx
/docs/foundations/tools/biomaterials/urinary-catheters/three-way-catheter,Three-Way (Triple-Lumen) Foley Catheter,docs/01-foundations/tools/biomaterials/urinary-catheters/three-way-catheter.mdx
/docs/foundations/tools/gear,Gear,docs/01-foundations/tools/gear/index.mdx
/docs/foundations/tools/gear/ergonomics,Ergonomics &amp; Longevity,docs/01-foundations/tools/gear/ergonomics.mdx
/docs/foundations/tools/gear/optical-aids,Optical Aids,docs/01-foundations/tools/gear/optical-aids.mdx
/docs/foundations/tools/gear/radiation-protection,Radiation Protection,docs/01-foundations/tools/gear/radiation-protection.mdx
/docs/foundations/tools/instruments,Surgical Instruments,docs/01-foundations/tools/instruments/index.mdx
/docs/foundations/tools/instruments/bone-instruments/air-drill,Air Drill — Pneumatic Bone Drill,docs/01-foundations/tools/instruments/bone-instruments/air-drill.mdx
/docs/foundations/tools/instruments/bone-instruments/osteotome-and-mallet,Osteotome and Mallet,docs/01-foundations/tools/instruments/bone-instruments/osteotome-and-mallet.mdx
/docs/foundations/tools/instruments/bone-instruments/periosteal-elevator,Periosteal Elevator,docs/01-foundations/tools/instruments/bone-instruments/periosteal-elevator.mdx
/docs/foundations/tools/instruments/bone-instruments/pituitary-rongeur,Pituitary Rongeur,docs/01-foundations/tools/instruments/bone-instruments/pituitary-rongeur.mdx
/docs/foundations/tools/instruments/bone-instruments/rongeur,Rongeur,docs/01-foundations/tools/instruments/bone-instruments/rongeur.mdx
/docs/foundations/tools/instruments/cautery/bovie-tip,Bovie Tips (Electrosurgical Pencil Electrodes),docs/01-foundations/tools/instruments/cautery/bovie-tip.mdx
/docs/foundations/tools/instruments/cautery/electrosurgical-pencil,"Electrosurgical Pencil (""Bovie"")",docs/01-foundations/tools/instruments/cautery/electrosurgical-pencil.mdx
/docs/foundations/tools/instruments/cautery/gerald-bipolar,Gerald Bipolar Forceps,docs/01-foundations/tools/instruments/cautery/gerald-bipolar.mdx
/docs/foundations/tools/instruments/cautery/ligasure,LigaSure,docs/01-foundations/tools/instruments/cautery/ligasure.mdx
/docs/foundations/tools/instruments/clamps/allis,Allis Clamp,docs/01-foundations/tools/instruments/clamps/allis.mdx
/docs/foundations/tools/instruments/clamps/babcock,Babcock Clamp,docs/01-foundations/tools/instruments/clamps/babcock.mdx
/docs/foundations/tools/instruments/clamps/backhaus,Backhaus Towel Clip,docs/01-foundations/tools/instruments/clamps/backhaus.mdx
/docs/foundations/tools/instruments/clamps/crile,Crile Clamp,docs/01-foundations/tools/instruments/clamps/crile.mdx
/docs/foundations/tools/instruments/clamps/gemini,Gemini Dissecting Forceps,docs/01-foundations/tools/instruments/clamps/gemini.mdx
/docs/foundations/tools/instruments/clamps/halsted-mosquito,Halsted Mosquito Clamp,docs/01-foundations/tools/instruments/clamps/halsted-mosquito.mdx
/docs/foundations/tools/instruments/clamps/heaney,Heaney Clamp,docs/01-foundations/tools/instruments/clamps/heaney.mdx
/docs/foundations/tools/instruments/clamps/jacobson,Jacobson Hemostatic Forceps,docs/01-foundations/tools/instruments/clamps/jacobson.mdx
/docs/foundations/tools/instruments/clamps/kelly,Kelly Clamp,docs/01-foundations/tools/instruments/clamps/kelly.mdx
/docs/foundations/tools/instruments/clamps/kocher,Kocher Clamp,docs/01-foundations/tools/instruments/clamps/kocher.mdx
/docs/foundations/tools/instruments/clamps/masterson,Masterson Pedicle Clamp,docs/01-foundations/tools/instruments/clamps/masterson.mdx
/docs/foundations/tools/instruments/clamps/mixter,Mixter Right-Angle Clamp,docs/01-foundations/tools/instruments/clamps/mixter.mdx
/docs/foundations/tools/instruments/clamps/pean,Péan Clamp,docs/01-foundations/tools/instruments/clamps/pean.mdx
/docs/foundations/tools/instruments/clamps/rochester-pean,Rochester-Péan Clamp,docs/01-foundations/tools/instruments/clamps/rochester-pean.mdx
/docs/foundations/tools/instruments/clamps/schnidt,Schnidt (Tonsil) Forceps,docs/01-foundations/tools/instruments/clamps/schnidt.mdx
/docs/foundations/tools/instruments/endoscopy/collins-knife,Collins Knife,docs/01-foundations/tools/instruments/endoscopy/collins-knife.mdx
/docs/foundations/tools/instruments/endoscopy/flexible-cystoscope,Flexible Cystoscope,docs/01-foundations/tools/instruments/endoscopy/flexible-cystoscope.mdx
/docs/foundations/tools/instruments/endoscopy/flexible-ureteroscope,Flexible Ureteroscope,docs/01-foundations/tools/instruments/endoscopy/flexible-ureteroscope.mdx
/docs/foundations/tools/instruments/endoscopy/resection-loop,Resection Loop,docs/01-foundations/tools/instruments/endoscopy/resection-loop.mdx
/docs/foundations/tools/instruments/endoscopy/resectoscope,Resectoscope,docs/01-foundations/tools/instruments/endoscopy/resectoscope.mdx
/docs/foundations/tools/instruments/endoscopy/rigid-cystoscope,Rigid Cystoscope,docs/01-foundations/tools/instruments/endoscopy/rigid-cystoscope.mdx
/docs/foundations/tools/instruments/endoscopy/semi-rigid-ureteroscope,Semi-Rigid Ureteroscope,docs/01-foundations/tools/instruments/endoscopy/semi-rigid-ureteroscope.mdx
/docs/foundations/tools/instruments/endoscopy/vaporization-electrode,Vaporization Electrode,docs/01-foundations/tools/instruments/endoscopy/vaporization-electrode.mdx
/docs/foundations/tools/instruments/forceps/adson,Adson Tissue Forceps,docs/01-foundations/tools/instruments/forceps/adson.mdx
/docs/foundations/tools/instruments/forceps/bonney,Bonney Tissue Forceps,docs/01-foundations/tools/instruments/forceps/bonney.mdx
/docs/foundations/tools/instruments/forceps/debakey,DeBakey Tissue Forceps,docs/01-foundations/tools/instruments/forceps/debakey.mdx
/docs/foundations/tools/instruments/forceps/gerald,Gerald Tissue Forceps,docs/01-foundations/tools/instruments/forceps/gerald.mdx
/docs/foundations/tools/instruments/forceps/iris,Iris Tissue Forceps,docs/01-foundations/tools/instruments/forceps/iris.mdx
/docs/foundations/tools/instruments/forceps/kittner,Kittner (Peanut) Dissector,docs/01-foundations/tools/instruments/forceps/kittner.mdx
/docs/foundations/tools/instruments/forceps/lahey,Lahey Tissue Forceps,docs/01-foundations/tools/instruments/forceps/lahey.mdx
/docs/foundations/tools/instruments/forceps/ring-forceps,Ring (Sponge / Foerster / Rampley) Forceps,docs/01-foundations/tools/instruments/forceps/ring-forceps.mdx
/docs/foundations/tools/instruments/forceps/russian,Russian Tissue Forceps,docs/01-foundations/tools/instruments/forceps/russian.mdx
/docs/foundations/tools/instruments/forceps/singley,Singley (Singley-Tuttle) Tissue Forceps,docs/01-foundations/tools/instruments/forceps/singley.mdx
/docs/foundations/tools/instruments/forceps/wangensteen,Wangensteen Tissue Forceps,docs/01-foundations/tools/instruments/forceps/wangensteen.mdx
/docs/foundations/tools/instruments/graft-harvest/dermatome,Dermatome — Overview,docs/01-foundations/tools/instruments/graft-harvest/dermatome.mdx
/docs/foundations/tools/instruments/graft-harvest/drum-dermatome,Drum Dermatome — Padgett-Hood,docs/01-foundations/tools/instruments/graft-harvest/drum-dermatome.mdx
/docs/foundations/tools/instruments/graft-harvest/goulian-dermatome,Goulian / Weck Dermatome,docs/01-foundations/tools/instruments/graft-harvest/goulian-dermatome.mdx
/docs/foundations/tools/instruments/graft-harvest/humby-dermatome,Humby Dermatome (Humby's Knife),docs/01-foundations/tools/instruments/graft-harvest/humby-dermatome.mdx
/docs/foundations/tools/instruments/graft-harvest/mesher,Skin Mesher,docs/01-foundations/tools/instruments/graft-harvest/mesher.mdx
/docs/foundations/tools/instruments/graft-harvest/padgett-dermatome,Padgett Dermatome,docs/01-foundations/tools/instruments/graft-harvest/padgett-dermatome.mdx
/docs/foundations/tools/instruments/graft-harvest/zimmer-air-dermatome,Zimmer Air Dermatome,docs/01-foundations/tools/instruments/graft-harvest/zimmer-air-dermatome.mdx
/docs/foundations/tools/instruments/needle-holders/castroviejo,Castroviejo Needle Holder,docs/01-foundations/tools/instruments/needle-holders/castroviejo.mdx
/docs/foundations/tools/instruments/needle-holders/heaney,Heaney Needle Driver,docs/01-foundations/tools/instruments/needle-holders/heaney.mdx
/docs/foundations/tools/instruments/needle-holders/mayo-hegar,Mayo-Hegar Needle Holder,docs/01-foundations/tools/instruments/needle-holders/mayo-hegar.mdx
/docs/foundations/tools/instruments/needle-holders/olsen-hegar,Olsen-Hegar Needle Holder,docs/01-foundations/tools/instruments/needle-holders/olsen-hegar.mdx
/docs/foundations/tools/instruments/needle-holders/ryder,Ryder Needle Holder,docs/01-foundations/tools/instruments/needle-holders/ryder.mdx
/docs/foundations/tools/instruments/needle-holders/turner-warwick-ryder,Turner-Warwick Ryder Needle Holder,docs/01-foundations/tools/instruments/needle-holders/turner-warwick-ryder.mdx
/docs/foundations/tools/instruments/retractors/adson-beckman,Adson-Beckman Retractor,docs/01-foundations/tools/instruments/retractors/adson-beckman.mdx
/docs/foundations/tools/instruments/retractors/army-navy,Army-Navy Retractor,docs/01-foundations/tools/instruments/retractors/army-navy.mdx
/docs/foundations/tools/instruments/retractors/balfour,Balfour Retractor,docs/01-foundations/tools/instruments/retractors/balfour.mdx
/docs/foundations/tools/instruments/retractors/bookwalter,Bookwalter Retractor,docs/01-foundations/tools/instruments/retractors/bookwalter.mdx
/docs/foundations/tools/instruments/retractors/breisky,Breisky-Navratil Retractor,docs/01-foundations/tools/instruments/retractors/breisky.mdx
/docs/foundations/tools/instruments/retractors/collins,Collin (Collins) Abdominal Retractor,docs/01-foundations/tools/instruments/retractors/collins.mdx
/docs/foundations/tools/instruments/retractors/deaver,Deaver Retractor,docs/01-foundations/tools/instruments/retractors/deaver.mdx
/docs/foundations/tools/instruments/retractors/denis-browne,Denis Browne Ring Retractor,docs/01-foundations/tools/instruments/retractors/denis-browne.mdx
/docs/foundations/tools/instruments/retractors/gelpi,Gelpi Retractor,docs/01-foundations/tools/instruments/retractors/gelpi.mdx
/docs/foundations/tools/instruments/retractors/graves,Graves Speculum,docs/01-foundations/tools/instruments/retractors/graves.mdx
/docs/foundations/tools/instruments/retractors/heaney-retractor,Heaney Retractor,docs/01-foundations/tools/instruments/retractors/heaney-retractor.mdx
/docs/foundations/tools/instruments/retractors/langenbeck,Langenbeck Retractor,docs/01-foundations/tools/instruments/retractors/langenbeck.mdx
/docs/foundations/tools/instruments/retractors/lighted-retractors,Lighted Retractors,docs/01-foundations/tools/instruments/retractors/lighted-retractors.mdx
/docs/foundations/tools/instruments/retractors/lone-star,Lone Star Retractor System,docs/01-foundations/tools/instruments/retractors/lone-star.mdx
/docs/foundations/tools/instruments/retractors/malleable,Malleable (Ribbon) Retractor,docs/01-foundations/tools/instruments/retractors/malleable.mdx
/docs/foundations/tools/instruments/retractors/mouth-retractors,Mouth Retractors for Buccal Mucosa Graft Harvest,docs/01-foundations/tools/instruments/retractors/mouth-retractors.mdx
/docs/foundations/tools/instruments/retractors/nasal-speculum,Nasal Speculum,docs/01-foundations/tools/instruments/retractors/nasal-speculum.mdx
/docs/foundations/tools/instruments/retractors/o-ring-wound-protector,O-Ring / Plastic Sheath Wound Retractor-Protectors,docs/01-foundations/tools/instruments/retractors/o-ring-wound-protector.mdx
/docs/foundations/tools/instruments/retractors/omni-tract,Omni-Tract Retractor,docs/01-foundations/tools/instruments/retractors/omni-tract.mdx
/docs/foundations/tools/instruments/retractors/pederson,Pederson Speculum,docs/01-foundations/tools/instruments/retractors/pederson.mdx
/docs/foundations/tools/instruments/retractors/perineal-bookwalter,Perineal Bookwalter — Jordan and Brooke Modifications,docs/01-foundations/tools/instruments/retractors/perineal-bookwalter.mdx
/docs/foundations/tools/instruments/retractors/richardson,Richardson Retractor,docs/01-foundations/tools/instruments/retractors/richardson.mdx
/docs/foundations/tools/instruments/retractors/s-retractor,S Retractor,docs/01-foundations/tools/instruments/retractors/s-retractor.mdx
/docs/foundations/tools/instruments/retractors/senn,Senn Retractor,docs/01-foundations/tools/instruments/retractors/senn.mdx
/docs/foundations/tools/instruments/retractors/sims,Sims Retractor,docs/01-foundations/tools/instruments/retractors/sims.mdx
/docs/foundations/tools/instruments/retractors/skin-hooks,Skin Hooks,docs/01-foundations/tools/instruments/retractors/skin-hooks.mdx
/docs/foundations/tools/instruments/retractors/thompson,Thompson Retractor,docs/01-foundations/tools/instruments/retractors/thompson.mdx
/docs/foundations/tools/instruments/retractors/turner-warwick,Turner-Warwick Retractor,docs/01-foundations/tools/instruments/retractors/turner-warwick.mdx
/docs/foundations/tools/instruments/retractors/viscera-retainer,Viscera Retainer,docs/01-foundations/tools/instruments/retractors/viscera-retainer.mdx
/docs/foundations/tools/instruments/retractors/volkmann,Volkmann (Rake) Retractor,docs/01-foundations/tools/instruments/retractors/volkmann.mdx
/docs/foundations/tools/instruments/retractors/weighted-speculum,Auvard Weighted Speculum,docs/01-foundations/tools/instruments/retractors/weighted-speculum.mdx
/docs/foundations/tools/instruments/retractors/weitlaner,Weitlaner Retractor,docs/01-foundations/tools/instruments/retractors/weitlaner.mdx
/docs/foundations/tools/instruments/robotic/cadiere,Cadiere Forceps (da Vinci),docs/01-foundations/tools/instruments/robotic/cadiere.mdx
/docs/foundations/tools/instruments/robotic/cautery-hook,Monopolar Cautery Hook (da Vinci),docs/01-foundations/tools/instruments/robotic/cautery-hook.mdx
/docs/foundations/tools/instruments/robotic/fenestrated-bipolar,Fenestrated Bipolar Forceps (da Vinci),docs/01-foundations/tools/instruments/robotic/fenestrated-bipolar.mdx
/docs/foundations/tools/instruments/robotic/force-bipolar,Force Bipolar Forceps (da Vinci),docs/01-foundations/tools/instruments/robotic/force-bipolar.mdx
/docs/foundations/tools/instruments/robotic/harmonic-ace,Harmonic ACE Ultrasonic Shears (da Vinci),docs/01-foundations/tools/instruments/robotic/harmonic-ace.mdx
/docs/foundations/tools/instruments/robotic/maryland-bipolar,Maryland Bipolar Forceps (da Vinci),docs/01-foundations/tools/instruments/robotic/maryland-bipolar.mdx
/docs/foundations/tools/instruments/robotic/monopolar-curved-scissors,Monopolar Curved Scissors (da Vinci),docs/01-foundations/tools/instruments/robotic/monopolar-curved-scissors.mdx
/docs/foundations/tools/instruments/robotic/needle-drivers,Needle Drivers (da Vinci),docs/01-foundations/tools/instruments/robotic/needle-drivers.mdx
/docs/foundations/tools/instruments/robotic/prograsp,ProGrasp Forceps (da Vinci),docs/01-foundations/tools/instruments/robotic/prograsp.mdx
/docs/foundations/tools/instruments/robotic/robotic-stapler,Robotic Stapler (da Vinci),docs/01-foundations/tools/instruments/robotic/robotic-stapler.mdx
/docs/foundations/tools/instruments/robotic/tip-up-fenestrated,Tip-Up Fenestrated Grasper (da Vinci),docs/01-foundations/tools/instruments/robotic/tip-up-fenestrated.mdx
/docs/foundations/tools/instruments/robotic/vessel-sealers,Vessel Sealers (da Vinci),docs/01-foundations/tools/instruments/robotic/vessel-sealers.mdx
/docs/foundations/tools/instruments/scissors/iris,Iris Scissors,docs/01-foundations/tools/instruments/scissors/iris.mdx
/docs/foundations/tools/instruments/scissors/jorgensen,Jorgensen Scissors,docs/01-foundations/tools/instruments/scissors/jorgensen.mdx
/docs/foundations/tools/instruments/scissors/mayo,Mayo Scissors,docs/01-foundations/tools/instruments/scissors/mayo.mdx
/docs/foundations/tools/instruments/scissors/metzenbaum,Metzenbaum Scissors,docs/01-foundations/tools/instruments/scissors/metzenbaum.mdx
/docs/foundations/tools/instruments/scissors/potts,Potts (Potts-Smith) Scissors,docs/01-foundations/tools/instruments/scissors/potts.mdx
/docs/foundations/tools/instruments/scissors/scalpel-blades,Scalpel Blades,docs/01-foundations/tools/instruments/scissors/scalpel-blades.mdx
/docs/foundations/tools/instruments/scissors/scalpel-handles,Scalpel Handles,docs/01-foundations/tools/instruments/scissors/scalpel-handles.mdx
/docs/foundations/tools/instruments/scissors/tenotomy,Tenotomy Scissors (Stevens / Westcott / Jameson / Knapp / Castroviejo),docs/01-foundations/tools/instruments/scissors/tenotomy.mdx
/docs/foundations/tools/instruments/scissors/wilson-backward-cutting,Wilson Backward-Cutting Scissors,docs/01-foundations/tools/instruments/scissors/wilson-backward-cutting.mdx
/docs/foundations/tools/instruments/sounds-bougies/balloon-dilator,"Balloon Dilator — Urethral, Ureteral, BNC, Prostatic",docs/01-foundations/tools/instruments/sounds-bougies/balloon-dilator.mdx
/docs/foundations/tools/instruments/sounds-bougies/cavernotomes,Cavernotomes,docs/01-foundations/tools/instruments/sounds-bougies/cavernotomes.mdx
/docs/foundations/tools/instruments/sounds-bougies/dittel,Dittel Sound,docs/01-foundations/tools/instruments/sounds-bougies/dittel.mdx
/docs/foundations/tools/instruments/sounds-bougies/filiforms-followers,Filiforms & Followers,docs/01-foundations/tools/instruments/sounds-bougies/filiforms-followers.mdx
/docs/foundations/tools/instruments/sounds-bougies/gelman-visualizing-sound,Gelman Visualizing Urethral Sound (CS7001),docs/01-foundations/tools/instruments/sounds-bougies/gelman-visualizing-sound.mdx
/docs/foundations/tools/instruments/sounds-bougies/gorget,Gorget (Gourget),docs/01-foundations/tools/instruments/sounds-bougies/gorget.mdx
/docs/foundations/tools/instruments/sounds-bougies/guidewires,Guidewires,docs/01-foundations/tools/instruments/sounds-bougies/guidewires.mdx
/docs/foundations/tools/instruments/sounds-bougies/haygrove,Haygrove Sound,docs/01-foundations/tools/instruments/sounds-bougies/haygrove.mdx
/docs/foundations/tools/instruments/sounds-bougies/hegar-dilators,Hegar Dilators,docs/01-foundations/tools/instruments/sounds-bougies/hegar-dilators.mdx
/docs/foundations/tools/instruments/sounds-bougies/otis-bougie,Otis Bougie-à-Boule,docs/01-foundations/tools/instruments/sounds-bougies/otis-bougie.mdx
/docs/foundations/tools/instruments/sounds-bougies/otis-urethrotome,Otis Urethrotome,docs/01-foundations/tools/instruments/sounds-bougies/otis-urethrotome.mdx
/docs/foundations/tools/instruments/sounds-bougies/s-dilators,S-Shaped Coaxial Dilators,docs/01-foundations/tools/instruments/sounds-bougies/s-dilators.mdx
/docs/foundations/tools/instruments/sounds-bougies/sachse-urethrotome,Sachse Urethrotome,docs/01-foundations/tools/instruments/sounds-bougies/sachse-urethrotome.mdx
/docs/foundations/tools/instruments/sounds-bougies/van-buren,Van Buren Sound,docs/01-foundations/tools/instruments/sounds-bougies/van-buren.mdx
/docs/foundations/tools/instruments/staplers,Staplers in Urologic Surgery,docs/01-foundations/tools/instruments/staplers/index.mdx
/docs/foundations/tools/instruments/suction/ellik-evacuator,Ellik Evacuator,docs/01-foundations/tools/instruments/suction/ellik-evacuator.mdx
/docs/foundations/tools/instruments/suction/frazier,Frazier Suction Tip,docs/01-foundations/tools/instruments/suction/frazier.mdx
/docs/foundations/tools/instruments/suction/poole,Poole (Pool) Suction,docs/01-foundations/tools/instruments/suction/poole.mdx
/docs/foundations/tools/instruments/suction/toomey-syringe,Toomey Syringe,docs/01-foundations/tools/instruments/suction/toomey-syringe.mdx
/docs/foundations/tools/instruments/suction/yankauer,Yankauer Suction,docs/01-foundations/tools/instruments/suction/yankauer.mdx
/docs/foundations/tools/instruments/urethral-specialty/anchorsure,Anchorsure® System,docs/01-foundations/tools/instruments/urethral-specialty/anchorsure.mdx
/docs/foundations/tools/instruments/urethral-specialty/bladder-scanner,Bladder Scanner,docs/01-foundations/tools/instruments/urethral-specialty/bladder-scanner.mdx
/docs/foundations/tools/instruments/urethral-specialty/capio-device,Capio / Capio SLIM Suture Capturing Device,docs/01-foundations/tools/instruments/urethral-specialty/capio-device.mdx
/docs/foundations/tools/instruments/urethral-specialty/crawford-stripper,Crawford Fascial Stripper,docs/01-foundations/tools/instruments/urethral-specialty/crawford-stripper.mdx
/docs/foundations/tools/instruments/urethral-specialty/deschamps-ligature-carrier,Deschamps Ligature Carrier,docs/01-foundations/tools/instruments/urethral-specialty/deschamps-ligature-carrier.mdx
/docs/foundations/tools/instruments/urethral-specialty/endostitch,Endostitch™,docs/01-foundations/tools/instruments/urethral-specialty/endostitch.mdx
/docs/foundations/tools/instruments/urethral-specialty/gelman-rug-adapter,Gelman Adapter for Retrograde Urethrography,docs/01-foundations/tools/instruments/urethral-specialty/gelman-rug-adapter.mdx
/docs/foundations/tools/instruments/urethral-specialty/i-stitch,i-Stitch®,docs/01-foundations/tools/instruments/urethral-specialty/i-stitch.mdx
/docs/foundations/tools/instruments/urethral-specialty/jacobs-tenaculum,Jacobs Tenaculum,docs/01-foundations/tools/instruments/urethral-specialty/jacobs-tenaculum.mdx
/docs/foundations/tools/instruments/urethral-specialty/jnw-urtrac-sheath,JNW UrTrac Sheath,docs/01-foundations/tools/instruments/urethral-specialty/jnw-urtrac-sheath.mdx
/docs/foundations/tools/instruments/urethral-specialty/laparotomy-pads,Laparotomy Pads,docs/01-foundations/tools/instruments/urethral-specialty/laparotomy-pads.mdx
/docs/foundations/tools/instruments/urethral-specialty/lowsley-retractor,Lowsley Retractor (Prostatic Tractor),docs/01-foundations/tools/instruments/urethral-specialty/lowsley-retractor.mdx
/docs/foundations/tools/instruments/urethral-specialty/midurethral-sling-trocars,Midurethral Sling Trocars (TVT / TOT),docs/01-foundations/tools/instruments/urethral-specialty/midurethral-sling-trocars.mdx
/docs/foundations/tools/instruments/urethral-specialty/miya-hook,Miya Hook Ligature Carrier,docs/01-foundations/tools/instruments/urethral-specialty/miya-hook.mdx
/docs/foundations/tools/instruments/urethral-specialty/probe-grooved-director,Probe & Grooved Director,docs/01-foundations/tools/instruments/urethral-specialty/probe-grooved-director.mdx
/docs/foundations/tools/instruments/urethral-specialty/ravini,Ravini Lighted Urethral Speculum,docs/01-foundations/tools/instruments/urethral-specialty/ravini.mdx
/docs/foundations/tools/instruments/urethral-specialty/ray-tec-sponges,Ray-Tec Sponges (4 × 4 Radiopaque Gauze),docs/01-foundations/tools/instruments/urethral-specialty/ray-tec-sponges.mdx
/docs/foundations/tools/instruments/urethral-specialty/raz-pereyra,Raz-Pereyra Trocar,docs/01-foundations/tools/instruments/urethral-specialty/raz-pereyra.mdx
/docs/foundations/tools/instruments/urethral-specialty/rd180-suturing-device,RD180 Suturing Device,docs/01-foundations/tools/instruments/urethral-specialty/rd180-suturing-device.mdx
/docs/foundations/tools/instruments/urethral-specialty/sacrocolpopexy-tacker,Sacrocolpopexy Tacker,docs/01-foundations/tools/instruments/urethral-specialty/sacrocolpopexy-tacker.mdx
/docs/foundations/tools/instruments/urethral-specialty/saffron-fixation-system,Saffron™ Fixation System,docs/01-foundations/tools/instruments/urethral-specialty/saffron-fixation-system.mdx
/docs/foundations/tools/instruments/urethral-specialty/single-tooth-tenaculum,Single-Tooth Tenaculum,docs/01-foundations/tools/instruments/urethral-specialty/single-tooth-tenaculum.mdx
/docs/foundations/tools/instruments/urethral-specialty/ski-needle-j-hook,Ski Needle / J-Hook Needle,docs/01-foundations/tools/instruments/urethral-specialty/ski-needle-j-hook.mdx
/docs/foundations/tools/instruments/urethral-specialty/stamey-needle,Stamey Needle,docs/01-foundations/tools/instruments/urethral-specialty/stamey-needle.mdx
/docs/foundations/tools/instruments/urethral-specialty/ti-knot-fastener,Ti-Knot (TK) Fastener,docs/01-foundations/tools/instruments/urethral-specialty/ti-knot-fastener.mdx
/docs/foundations/tools/instruments/urethral-specialty/uterine-manipulator,Uterine Manipulators,docs/01-foundations/tools/instruments/urethral-specialty/uterine-manipulator.mdx
/docs/foundations/tools/instruments/urethral-specialty/vessel-loops,Vessel Loops,docs/01-foundations/tools/instruments/urethral-specialty/vessel-loops.mdx
/docs/foundations/tools/technology,Technology,docs/01-foundations/tools/technology/index.mdx
/docs/foundations/tools/technology/energy-devices,Surgical Energy Devices in Urology,docs/01-foundations/tools/technology/energy-devices.mdx
/docs/foundations/tools/technology/robotics,Robotics in Urologic Reconstruction,docs/01-foundations/tools/technology/robotics/index.mdx
/docs/foundations/tools/technology/robotics/platforms,Robotic Platforms & Manufacturers,docs/01-foundations/tools/technology/robotics/platforms.mdx
/docs/foundations/tools/technology/robotics/reconstructive-applications,Robotic Reconstructive Applications,docs/01-foundations/tools/technology/robotics/reconstructive-applications.mdx
/docs/foundations/tools/technology/robotics/single-port,Single-Port Robotics,docs/01-foundations/tools/technology/robotics/single-port.mdx
/docs/foundations/tools/technology/robotics/vnotes,vNOTES and Robotic vNOTES,docs/01-foundations/tools/technology/robotics/vnotes.mdx
/docs/journal-club,Journal Club — Landmark Trials,docs/06-journal-club/index.mdx
/docs/resources,Resources,docs/08-resources/index.mdx
/docs/resources/hidden-curriculum,The Hidden Curriculum,docs/08-resources/hidden-curriculum/index.mdx
/docs/resources/hidden-curriculum/billing-coding,"Billing, Coding & Reimbursement",docs/08-resources/hidden-curriculum/billing-coding.mdx
/docs/resources/hidden-curriculum/healthcare-finance,Healthcare Finance & Payment Models,docs/08-resources/hidden-curriculum/healthcare-finance.mdx
/docs/resources/hidden-curriculum/overview,The Clinical Operator Mindset,docs/08-resources/hidden-curriculum/overview.mdx
/docs/resources/patient-handouts,WARWIKI Patient Handouts,docs/08-resources/patient-handouts.mdx
/docs/resources/patient-resources,Patient Resources,docs/08-resources/patient-resources.mdx
/docs/resources/podcasts,Podcast Library,docs/08-resources/podcasts.mdx
/docs/resources/surgical-video-atlases,Videos & Surgical Atlases,docs/08-resources/surgical-video-atlases.mdx
/docs/resources/textbooks,Textbooks,docs/08-resources/textbooks.mdx
/docs/resources/websites-online-tools,Websites & Online Tools,docs/08-resources/websites-online-tools.mdx
/docs/roots,History & Lineage,docs/07-roots/index.mdx
/docs/roots/history,History of Reconstructive Urology,docs/07-roots/history/index.mdx
/docs/roots/history/prolapse-urogynecology,History of Prolapse Surgery & Urogynecology,docs/07-roots/history/prolapse-urogynecology.mdx
/docs/roots/history/prosthetics-ed,History of Prosthetics & Erectile Dysfunction Treatment,docs/07-roots/history/prosthetics-ed.mdx
/docs/roots/history/urethral-surgery,History of Urethral Surgery,docs/07-roots/history/urethral-surgery.mdx
/docs/roots/surgeons/a-g/benjamin-breyer,Benjamin N. Breyer,docs/07-roots/surgeons/a-g/benjamin-breyer.mdx
/docs/roots/surgeons/a-g/bernard-goldwasser,Bernard Z. Goldwasser,docs/07-roots/surgeons/a-g/bernard-goldwasser.mdx
/docs/roots/surgeons/a-g/bradley-erickson,Bradley A. Erickson,docs/07-roots/surgeons/a-g/bradley-erickson.mdx
/docs/roots/surgeons/a-g/bradley-figler,Bradley Figler,docs/07-roots/surgeons/a-g/bradley-figler.mdx
/docs/roots/surgeons/a-g/brian-flynn,Brian Flynn,docs/07-roots/surgeons/a-g/brian-flynn.mdx
/docs/roots/surgeons/a-g/charles-devine,Charles J. Devine Jr.,docs/07-roots/surgeons/a-g/charles-devine.mdx
/docs/roots/surgeons/a-g/chris-gonzalez,Chris Gonzalez,docs/07-roots/surgeons/a-g/chris-gonzalez.mdx
/docs/roots/surgeons/a-g/christopher-chapple,Christopher R. Chapple,docs/07-roots/surgeons/a-g/christopher-chapple.mdx
/docs/roots/surgeons/a-g/claire-burton,Claire Burton,docs/07-roots/surgeons/a-g/claire-burton.mdx
/docs/roots/surgeons/a-g/craig-comiter,Craig V. Comiter,docs/07-roots/surgeons/a-g/craig-comiter.mdx
/docs/roots/surgeons/a-g/crystal-dover,Crystal Dover,docs/07-roots/surgeons/a-g/crystal-dover.mdx
/docs/roots/surgeons/a-g/curtis-crane,Curtis Crane,docs/07-roots/surgeons/a-g/curtis-crane.mdx
/docs/roots/surgeons/a-g/daniel-eun,Daniel Eun,docs/07-roots/surgeons/a-g/daniel-eun.mdx
/docs/roots/surgeons/a-g/david-couillard,David R. Couillard,docs/07-roots/surgeons/a-g/david-couillard.mdx
/docs/roots/surgeons/a-g/david-ginsberg,David A. Ginsberg,docs/07-roots/surgeons/a-g/david-ginsberg.mdx
/docs/roots/surgeons/a-g/ekene-enemchukwu,Ekene Enemchukwu,docs/07-roots/surgeons/a-g/ekene-enemchukwu.mdx
/docs/roots/surgeons/a-g/elizabeth-anoia,Elizabeth J. Anoia,docs/07-roots/surgeons/a-g/elizabeth-anoia.mdx
/docs/roots/surgeons/a-g/guido-barbagli,Guido Barbagli,docs/07-roots/surgeons/a-g/guido-barbagli.mdx
/docs/roots/surgeons/a-g/howard-goldman,Howard B. Goldman,docs/07-roots/surgeons/a-g/howard-goldman.mdx
/docs/roots/surgeons/a-g/jessica-delong,Jessica M. DeLong,docs/07-roots/surgeons/a-g/jessica-delong.mdx
/docs/roots/surgeons/a-g/jill-buckley,Jill C. Buckley,docs/07-roots/surgeons/a-g/jill-buckley.mdx
/docs/roots/surgeons/a-g/joel-gelman,Joel Gelman,docs/07-roots/surgeons/a-g/joel-gelman.mdx
/docs/roots/surgeons/a-g/john-delancey,John O. L. DeLancey,docs/07-roots/surgeons/a-g/john-delancey.mdx
/docs/roots/surgeons/a-g/joshua-broghammer,Joshua A. Broghammer,docs/07-roots/surgeons/a-g/joshua-broghammer.mdx
/docs/roots/surgeons/a-g/kristy-borawski,Kristy Borawski,docs/07-roots/surgeons/a-g/kristy-borawski.mdx
/docs/roots/surgeons/a-g/lesley-carr,Lesley K. Carr,docs/07-roots/surgeons/a-g/lesley-carr.mdx
/docs/roots/surgeons/a-g/linda-brubaker,Linda Brubaker,docs/07-roots/surgeons/a-g/linda-brubaker.mdx
/docs/roots/surgeons/a-g/matthew-barber,Matthew D. Barber,docs/07-roots/surgeons/a-g/matthew-barber.mdx
/docs/roots/surgeons/a-g/maurice-garcia,Maurice Garcia,docs/07-roots/surgeons/a-g/maurice-garcia.mdx
/docs/roots/surgeons/a-g/michael-belsante,Michael Belsante,docs/07-roots/surgeons/a-g/michael-belsante.mdx
/docs/roots/surgeons/a-g/michael-davenport,Michael Davenport,docs/07-roots/surgeons/a-g/michael-davenport.mdx
/docs/roots/surgeons/a-g/michael-guralnick,Michael L. Guralnick,docs/07-roots/surgeons/a-g/michael-guralnick.mdx
/docs/roots/surgeons/a-g/neil-grafstein,Neil H. Grafstein,docs/07-roots/surgeons/a-g/neil-grafstein.mdx
/docs/roots/surgeons/a-g/niall-galloway,Niall T.M. Galloway,docs/07-roots/surgeons/a-g/niall-galloway.mdx
/docs/roots/surgeons/a-g/noel-armenakas,Noel A. Armenakas,docs/07-roots/surgeons/a-g/noel-armenakas.mdx
/docs/roots/surgeons/a-g/reynaldo-gomez,Reynaldo Gomez,docs/07-roots/surgeons/a-g/reynaldo-gomez.mdx
/docs/roots/surgeons/a-g/roger-dmochowski,Roger R. Dmochowski,docs/07-roots/surgeons/a-g/roger-dmochowski.mdx
/docs/roots/surgeons/a-g/sean-elliott,Sean P. Elliott,docs/07-roots/surgeons/a-g/sean-elliott.mdx
/docs/roots/surgeons/a-g/seth-cohen,Seth D. Cohen,docs/07-roots/surgeons/a-g/seth-cohen.mdx
/docs/roots/surgeons/a-g/steve-brandes,Steve Brandes,docs/07-roots/surgeons/a-g/steve-brandes.mdx
/docs/roots/surgeons/a-g/william-bonney,William Bonney,docs/07-roots/surgeons/a-g/william-bonney.mdx
/docs/roots/surgeons/a-g/william-boysen,William Boysen,docs/07-roots/surgeons/a-g/william-boysen.mdx
/docs/roots/surgeons/h-r/aaron-lentz,Aaron Lentz,docs/07-roots/surgeons/h-r/aaron-lentz.mdx
/docs/roots/surgeons/h-r/akio-horiguchi,Akio Horiguchi,docs/07-roots/surgeons/h-r/akio-horiguchi.mdx
/docs/roots/surgeons/h-r/allen-morey,Allen F. Morey,docs/07-roots/surgeons/h-r/allen-morey.mdx
/docs/roots/surgeons/h-r/andrew-peterson,Andrew C. Peterson,docs/07-roots/surgeons/h-r/andrew-peterson.mdx
/docs/roots/surgeons/h-r/anthony-mundy,Anthony R. Mundy,docs/07-roots/surgeons/h-r/anthony-mundy.mdx
/docs/roots/surgeons/h-r/arman-kahokehr,Arman A. Kahokehr,docs/07-roots/surgeons/h-r/arman-kahokehr.mdx
/docs/roots/surgeons/h-r/brian-inouye,Brian Inouye,docs/07-roots/surgeons/h-r/brian-inouye.mdx
/docs/roots/surgeons/h-r/cheryl-iglesia,Cheryl B. Iglesia,docs/07-roots/surgeons/h-r/cheryl-iglesia.mdx
/docs/roots/surgeons/h-r/christophe-iselin,Christophe E. Iselin,docs/07-roots/surgeons/h-r/christophe-iselin.mdx
/docs/roots/surgeons/h-r/daniel-rapoport,Daniel Rapoport,docs/07-roots/surgeons/h-r/daniel-rapoport.mdx
/docs/roots/surgeons/h-r/dmitriy-nikolavsky,Dmitriy Nikolavsky,docs/07-roots/surgeons/h-r/dmitriy-nikolavsky.mdx
/docs/roots/surgeons/h-r/elizabeth-miller,Elizabeth A. Miller,docs/07-roots/surgeons/h-r/elizabeth-miller.mdx
/docs/roots/surgeons/h-r/eric-rovner,Eric S. Rovner,docs/07-roots/surgeons/h-r/eric-rovner.mdx
/docs/roots/surgeons/h-r/gerald-jordan,Gerald H. Jordan,docs/07-roots/surgeons/h-r/gerald-jordan.mdx
/docs/roots/surgeons/h-r/henry-ruiz,Henry E. Ruiz,docs/07-roots/surgeons/h-r/henry-ruiz.mdx
/docs/roots/surgeons/h-r/holly-richter,Holly E. Richter,docs/07-roots/surgeons/h-r/holly-richter.mdx
/docs/roots/surgeons/h-r/jack-mcaninch,Jack W. McAninch,docs/07-roots/surgeons/h-r/jack-mcaninch.mdx
/docs/roots/surgeons/h-r/jacob-ramon,Jacob Ramon,docs/07-roots/surgeons/h-r/jacob-ramon.mdx
/docs/roots/surgeons/h-r/jeremy-meyers,Jeremy Meyers,docs/07-roots/surgeons/h-r/jeremy-meyers.mdx
/docs/roots/surgeons/h-r/joseph-khoury,Joseph M. Khoury,docs/07-roots/surgeons/h-r/joseph-khoury.mdx
/docs/roots/surgeons/h-r/joshua-lohri,Joshua Lohri,docs/07-roots/surgeons/h-r/joshua-lohri.mdx
/docs/roots/surgeons/h-r/judith-hagedorn,Judith Hagedorn,docs/07-roots/surgeons/h-r/judith-hagedorn.mdx
/docs/roots/surgeons/h-r/karl-kreder,Karl J. Kreder,docs/07-roots/surgeons/h-r/karl-kreder.mdx
/docs/roots/surgeons/h-r/kathleen-kobashi,Kathleen C. Kobashi,docs/07-roots/surgeons/h-r/kathleen-kobashi.mdx
/docs/roots/surgeons/h-r/keith-rourke,Keith F. Rourke,docs/07-roots/surgeons/h-r/keith-rourke.mdx
/docs/roots/surgeons/h-r/kevin-krughoff,Kevin Krughoff,docs/07-roots/surgeons/h-r/kevin-krughoff.mdx
/docs/roots/surgeons/h-r/kurt-mccammon,Kurt A. McCammon,docs/07-roots/surgeons/h-r/kurt-mccammon.mdx
/docs/roots/surgeons/h-r/michael-metro,Michael Metro,docs/07-roots/surgeons/h-r/michael-metro.mdx
/docs/roots/surgeons/h-r/mickey-karram,Mickey Karram,docs/07-roots/surgeons/h-r/mickey-karram.mdx
/docs/roots/surgeons/h-r/min-jun,Min Jun,docs/07-roots/surgeons/h-r/min-jun.mdx
/docs/roots/surgeons/h-r/pankaj-joshi,Pankaj Joshi,docs/07-roots/surgeons/h-r/pankaj-joshi.mdx
/docs/roots/surgeons/h-r/paul-perito,Paul Perito,docs/07-roots/surgeons/h-r/paul-perito.mdx
/docs/roots/surgeons/h-r/ramiro-madden-fuentes,Ramiro J. Madden-Fuentes,docs/07-roots/surgeons/h-r/ramiro-madden-fuentes.mdx
/docs/roots/surgeons/h-r/sanjay-kulkarni,Sanjay Kulkarni,docs/07-roots/surgeons/h-r/sanjay-kulkarni.mdx
/docs/roots/surgeons/h-r/scott-macdiarmid,Scott A. MacDiarmid,docs/07-roots/surgeons/h-r/scott-macdiarmid.mdx
/docs/roots/surgeons/h-r/stephen-mark,Stephen Mark,docs/07-roots/surgeons/h-r/stephen-mark.mdx
/docs/roots/surgeons/h-r/steve-hudak,Steve Hudak,docs/07-roots/surgeons/h-r/steve-hudak.mdx
/docs/roots/surgeons/h-r/temitope-rude,Temitope Rude,docs/07-roots/surgeons/h-r/temitope-rude.mdx
/docs/roots/surgeons/h-r/urszula-kowalick,Urszula Kowalick,docs/07-roots/surgeons/h-r/urszula-kowalick.mdx
/docs/roots/surgeons/h-r/victor-nitti,Victor W. Nitti,docs/07-roots/surgeons/h-r/victor-nitti.mdx
/docs/roots/surgeons/h-r/ziho-lee,Ziho Lee,docs/07-roots/surgeons/h-r/ziho-lee.mdx
/docs/roots/surgeons/s-z/alex-vanni,Alex J. Vanni,docs/07-roots/surgeons/s-z/alex-vanni.mdx
/docs/roots/surgeons/s-z/bryan-voelzke,Bryan B. Voelzke,docs/07-roots/surgeons/s-z/bryan-voelzke.mdx
/docs/roots/surgeons/s-z/danielle-stackhouse,Danielle Stackhouse,docs/07-roots/surgeons/s-z/danielle-stackhouse.mdx
/docs/roots/surgeons/s-z/f-brantley-scott,F. Brantley Scott,docs/07-roots/surgeons/s-z/f-brantley-scott.mdx
/docs/roots/surgeons/s-z/george-webster,George D. Webster,docs/07-roots/surgeons/s-z/george-webster.mdx
/docs/roots/surgeons/s-z/humberto-villarreal,Humberto Villarreal,docs/07-roots/surgeons/s-z/humberto-villarreal.mdx
/docs/roots/surgeons/s-z/hunter-wessells,Hunter Wessells,docs/07-roots/surgeons/s-z/hunter-wessells.mdx
/docs/roots/surgeons/s-z/jack-walter,Jack Walter,docs/07-roots/surgeons/s-z/jack-walter.mdx
/docs/roots/surgeons/s-z/james-wright,E. James Wright,docs/07-roots/surgeons/s-z/james-wright.mdx
/docs/roots/surgeons/s-z/jay-simhan,Jay Simhan,docs/07-roots/surgeons/s-z/jay-simhan.mdx
/docs/roots/surgeons/s-z/jennifer-tash,Jennifer A. Tash,docs/07-roots/surgeons/s-z/jennifer-tash.mdx
/docs/roots/surgeons/s-z/khai-lee-toh,Khai Lee Toh,docs/07-roots/surgeons/s-z/khai-lee-toh.mdx
/docs/roots/surgeons/s-z/krishnan-venkatesan,Krishnan Venkatesan,docs/07-roots/surgeons/s-z/krishnan-venkatesan.mdx
/docs/roots/surgeons/s-z/kunlin-yang,Kunlin Yang,docs/07-roots/surgeons/s-z/kunlin-yang.mdx
/docs/roots/surgeons/s-z/lee-zhao,Lee Zhao,docs/07-roots/surgeons/s-z/lee-zhao.mdx
/docs/roots/surgeons/s-z/leonard-zinman,Leonard N. Zinman,docs/07-roots/surgeons/s-z/leonard-zinman.mdx
/docs/roots/surgeons/s-z/maia-vandyke,Maia VanDyke,docs/07-roots/surgeons/s-z/maia-vandyke.mdx
/docs/roots/surgeons/s-z/mark-walters,Mark D. Walters,docs/07-roots/surgeons/s-z/mark-walters.mdx
/docs/roots/surgeons/s-z/nathan-shaw,Nathan Shaw,docs/07-roots/surgeons/s-z/nathan-shaw.mdx
/docs/roots/surgeons/s-z/neil-sherman,Neil D. Sherman,docs/07-roots/surgeons/s-z/neil-sherman.mdx
/docs/roots/surgeons/s-z/ramon-virasoro,Ramon Virasoro,docs/07-roots/surgeons/s-z/ramon-virasoro.mdx
/docs/roots/surgeons/s-z/richard-santucci,Richard Santucci,docs/07-roots/surgeons/s-z/richard-santucci.mdx
/docs/roots/surgeons/s-z/richard-turner-warwick,Richard Turner-Warwick,docs/07-roots/surgeons/s-z/richard-turner-warwick.mdx
/docs/roots/surgeons/s-z/ryan-terlecki,Ryan Terlecki,docs/07-roots/surgeons/s-z/ryan-terlecki.mdx
/docs/roots/surgeons/s-z/sandip-vasavada,Sandip P. Vasavada,docs/07-roots/surgeons/s-z/sandip-vasavada.mdx
/docs/roots/surgeons/s-z/shlomo-raz,Shlomo Raz,docs/07-roots/surgeons/s-z/shlomo-raz.mdx
/docs/roots/surgeons/s-z/steve-silhelnik,Steve Silhelnik,docs/07-roots/surgeons/s-z/steve-silhelnik.mdx
/docs/roots/surgeons/s-z/steve-waxman,Steve Waxman,docs/07-roots/surgeons/s-z/steve-waxman.mdx
/docs/roots/surgeons/s-z/susan-timmons,Susan L. Timmons,docs/07-roots/surgeons/s-z/susan-timmons.mdx
/docs/roots/surgeons/s-z/thomas-smith-iii,Thomas G. Smith III,docs/07-roots/surgeons/s-z/thomas-smith-iii.mdx
/docs/roots/surgeons/s-z/uwais-zaid,Uwais B. Zaid,docs/07-roots/surgeons/s-z/uwais-zaid.mdx
/docs/roots/surgical-lineage,Surgical Genealogy,docs/07-roots/surgical-lineage.mdx
/docs/special-populations,Special Populations,docs/05-special-populations/index.mdx
/docs/special-populations/05a-trauma-emergencies,Trauma & Emergencies,docs/05-special-populations/05a-trauma-emergencies/index.mdx
/docs/special-populations/05a-trauma-emergencies/acute-urinary-retention,Acute Urinary Retention,docs/05-special-populations/05a-trauma-emergencies/acute-urinary-retention.mdx
/docs/special-populations/05a-trauma-emergencies/bladder-trauma,Bladder Trauma,docs/05-special-populations/05a-trauma-emergencies/bladder-trauma.mdx
/docs/special-populations/05a-trauma-emergencies/fourniers-gangrene,Necrotizing Fasciitis / Fournier's Gangrene,docs/05-special-populations/05a-trauma-emergencies/fourniers-gangrene.mdx
/docs/special-populations/05a-trauma-emergencies/genital-scrotal-trauma,Genital & Scrotal Trauma,docs/05-special-populations/05a-trauma-emergencies/genital-scrotal-trauma.mdx
/docs/special-populations/05a-trauma-emergencies/gu-injury-overview,Genitourinary Injury Overview,docs/05-special-populations/05a-trauma-emergencies/gu-injury-overview.mdx
/docs/special-populations/05a-trauma-emergencies/intraoperative-consultation,Intraoperative Urologic Consultation,docs/05-special-populations/05a-trauma-emergencies/intraoperative-consultation/index.mdx
/docs/special-populations/05a-trauma-emergencies/intraoperative-consultation/procedures-causing-gu-injury,Procedures Causing GU Injury,docs/05-special-populations/05a-trauma-emergencies/intraoperative-consultation/procedures-causing-gu-injury/index.mdx
/docs/special-populations/05a-trauma-emergencies/intraoperative-consultation/procedures-causing-gu-injury/cesarean-section,Cesarean Section,docs/05-special-populations/05a-trauma-emergencies/intraoperative-consultation/procedures-causing-gu-injury/cesarean-section.mdx
/docs/special-populations/05a-trauma-emergencies/on-table-ivp,On-Table (Single-Shot) IVP,docs/05-special-populations/05a-trauma-emergencies/on-table-ivp.mdx
/docs/special-populations/05a-trauma-emergencies/penile-fracture,Penile Fracture,docs/05-special-populations/05a-trauma-emergencies/penile-fracture.mdx
/docs/special-populations/05a-trauma-emergencies/pfui,Pelvic Fracture Urethral Injury (PFUI),docs/05-special-populations/05a-trauma-emergencies/pfui.mdx
/docs/special-populations/05a-trauma-emergencies/priapism,Priapism,docs/05-special-populations/05a-trauma-emergencies/priapism.mdx
/docs/special-populations/05a-trauma-emergencies/renal-trauma,Renal Trauma,docs/05-special-populations/05a-trauma-emergencies/renal-trauma.mdx
/docs/special-populations/05a-trauma-emergencies/testicular-torsion,Testicular Torsion,docs/05-special-populations/05a-trauma-emergencies/testicular-torsion.mdx
/docs/special-populations/05a-trauma-emergencies/trauma-assessment,Genitourinary Trauma Assessment,docs/05-special-populations/05a-trauma-emergencies/trauma-assessment.mdx
/docs/special-populations/05a-trauma-emergencies/ureteral-trauma,Ureteral Trauma,docs/05-special-populations/05a-trauma-emergencies/ureteral-trauma.mdx
/docs/special-populations/05c-gender-affirming,Gender-Affirming Surgery,docs/05-special-populations/05c-gender-affirming/index.mdx
/docs/special-populations/05c-gender-affirming/feminizing-procedures,Feminizing Procedures,docs/05-special-populations/05c-gender-affirming/feminizing-procedures.mdx
/docs/special-populations/05c-gender-affirming/masculinizing-procedures,Masculinizing Procedures,docs/05-special-populations/05c-gender-affirming/masculinizing-procedures.mdx
/docs/special-populations/05c-gender-affirming/non-binary-nullification,Non-Binary / Nullification (Special Population),docs/05-special-populations/05c-gender-affirming/non-binary-nullification.mdx
/docs/special-populations/05c-gender-affirming/overview,Gender-Affirming Surgery — Overview,docs/05-special-populations/05c-gender-affirming/overview.mdx
/docs/special-populations/05c-gender-affirming/revision-salvage-gas,Revision & Salvage GAS,docs/05-special-populations/05c-gender-affirming/revision-salvage-gas.mdx
/docs/special-populations/05d-cancer-survivorship,Cancer Survivorship,docs/05-special-populations/05d-cancer-survivorship/index.mdx
/docs/special-populations/05e-womens-health,Women's Health,docs/05-special-populations/05e-womens-health/index.mdx
/docs/special-populations/05e-womens-health/cancer-screening,Cancer Screening,docs/05-special-populations/05e-womens-health/cancer-screening/index.mdx
/docs/special-populations/05e-womens-health/cancer-screening/breast,Breast Cancer Screening,docs/05-special-populations/05e-womens-health/cancer-screening/breast.mdx
/docs/special-populations/05e-womens-health/cancer-screening/cervical,Cervical Cancer Screening,docs/05-special-populations/05e-womens-health/cancer-screening/cervical.mdx
/docs/special-populations/05e-womens-health/cancer-screening/endometrial,Endometrial Cancer Screening,docs/05-special-populations/05e-womens-health/cancer-screening/endometrial.mdx
/docs/special-populations/05e-womens-health/endometriosis,Endometriosis,docs/05-special-populations/05e-womens-health/endometriosis.mdx
/docs/special-populations/05e-womens-health/gsm,Genitourinary Syndrome of Menopause (GSM),docs/05-special-populations/05e-womens-health/gsm.mdx
/docs/special-populations/05e-womens-health/opportunistic-adnexal-surgery,Opportunistic Adnexal Surgery,docs/05-special-populations/05e-womens-health/opportunistic-adnexal-surgery.mdx
/docs/special-populations/05e-womens-health/osteoporosis-screening,Osteoporosis Screening in the Reconstructive Urology & Urogynecology Patient,docs/05-special-populations/05e-womens-health/osteoporosis-screening.mdx
/docs/special-populations/05e-womens-health/recurrent-uti,Recurrent UTI in Women,docs/05-special-populations/05e-womens-health/recurrent-uti.mdx
/docs/special-populations/05e-womens-health/sexual-dysfunction,Female Sexual Dysfunction,docs/05-special-populations/05e-womens-health/sexual-dysfunction.mdx
/docs/special-populations/05e-womens-health/sti,Sexually Transmitted Infections in Women,docs/05-special-populations/05e-womens-health/sti.mdx
/docs/special-populations/05f-lifelong-care,Lifelong Urologic Care,docs/05-special-populations/05f-lifelong-care/index.mdx
/docs/special-populations/05f-lifelong-care/anorectal-malformations,Anorectal Malformations,docs/05-special-populations/05f-lifelong-care/anorectal-malformations.mdx
/docs/special-populations/05f-lifelong-care/bladder-exstrophy-epispadias,Bladder Exstrophy-Epispadias Complex,docs/05-special-populations/05f-lifelong-care/bladder-exstrophy-epispadias.mdx
/docs/special-populations/05f-lifelong-care/differences-of-sex-development,Differences of Sex Development,docs/05-special-populations/05f-lifelong-care/differences-of-sex-development.mdx
/docs/special-populations/05f-lifelong-care/geriatric-urology,Geriatric Urogynecology & Reconstructive Urology,docs/05-special-populations/05f-lifelong-care/geriatric-urology.mdx
/docs/special-populations/05f-lifelong-care/hypospadias-epispadias,Hypospadias & Epispadias,docs/05-special-populations/05f-lifelong-care/hypospadias-epispadias.mdx
/docs/special-populations/05f-lifelong-care/posterior-urethral-valves,Posterior Urethral Valves,docs/05-special-populations/05f-lifelong-care/posterior-urethral-valves.mdx
/docs/special-populations/05f-lifelong-care/prune-belly-syndrome,Prune Belly Syndrome,docs/05-special-populations/05f-lifelong-care/prune-belly-syndrome.mdx
/docs/special-populations/05f-lifelong-care/transitional-urology,Transitional Urology,docs/05-special-populations/05f-lifelong-care/transitional-urology.mdx
/docs/surgical-techniques,Treatment Atlas,docs/04-surgical-techniques/index.mdx
/docs/surgical-techniques/04a-urethral-reconstruction/abdominoperineal-urethroplasty,Abdominoperineal (Transpubic) Urethroplasty,docs/04-surgical-techniques/04a-urethral-reconstruction/posterior/abdominoperineal-urethroplasty.mdx
/docs/surgical-techniques/04a-urethral-reconstruction/anta,ANTA Urethroplasty (Augmented Non-Transected Anastomotic),docs/04-surgical-techniques/04a-urethral-reconstruction/anastomotic/anta.mdx
/docs/surgical-techniques/04a-urethral-reconstruction/asopa-dorsal-inlay-omg,Asopa Dorsal Inlay OMG Urethroplasty,docs/04-surgical-techniques/04a-urethral-reconstruction/graft/asopa-dorsal-inlay-omg.mdx
/docs/surgical-techniques/04a-urethral-reconstruction/augmented-anastomotic,Augmented Anastomotic Urethroplasty,docs/04-surgical-techniques/04a-urethral-reconstruction/anastomotic/augmented-anastomotic.mdx
/docs/surgical-techniques/04a-urethral-reconstruction/augmented-perineal-urethrostomy,Augmented Perineal Urethrostomy,docs/04-surgical-techniques/04a-urethral-reconstruction/meatal-perineal/augmented-perineal-urethrostomy.mdx
/docs/surgical-techniques/04a-urethral-reconstruction/bladder-wall-flap-urethroplasty,Bladder Wall Flap Urethroplasty (Female),docs/04-surgical-techniques/04a-urethral-reconstruction/female/bladder-wall-flap-urethroplasty.mdx
/docs/surgical-techniques/04a-urethral-reconstruction/blandy-perineal-urethrostomy,Blandy Perineal Urethrostomy,docs/04-surgical-techniques/04a-urethral-reconstruction/meatal-perineal/blandy-perineal-urethrostomy.mdx
/docs/surgical-techniques/04a-urethral-reconstruction/bracka-two-stage,Bracka Two-Stage Urethroplasty,docs/04-surgical-techniques/04a-urethral-reconstruction/staged-complex/bracka-two-stage.mdx
/docs/surgical-techniques/04a-urethral-reconstruction/circular-bmg-female,Circular (Circumferential) BMG Urethroplasty (Female),docs/04-surgical-techniques/04a-urethral-reconstruction/female/circular-bmg-female.mdx
/docs/surgical-techniques/04a-urethral-reconstruction/core-through-urethrotomy,Core-Through Urethrotomy,docs/04-surgical-techniques/04a-urethral-reconstruction/posterior/core-through-urethrotomy.mdx
/docs/surgical-techniques/04a-urethral-reconstruction/distal-urethrectomy-advancement,Distal Urethrectomy with Advancement Meatoplasty (Female),docs/04-surgical-techniques/04a-urethral-reconstruction/female/distal-urethrectomy-advancement.mdx
/docs/surgical-techniques/04a-urethral-reconstruction/dorsal-onlay-omg,Dorsal Onlay Oral Mucosal Graft Urethroplasty,docs/04-surgical-techniques/04a-urethral-reconstruction/graft/dorsal-onlay-omg.mdx
/docs/surgical-techniques/04a-urethral-reconstruction/dorsal-vaginal-flap,Dorsal Vaginal Graft Urethroplasty (Female),docs/04-surgical-techniques/04a-urethral-reconstruction/female/dorsal-vaginal-flap.mdx
/docs/surgical-techniques/04a-urethral-reconstruction/drug-coated-balloon-pointer,Drug-Coated Balloon Therapy (Optilume),docs/04-surgical-techniques/04a-urethral-reconstruction/minimally-invasive/drug-coated-balloon.mdx
/docs/surgical-techniques/04a-urethral-reconstruction/dviu,DVIU and Urethral Dilation,docs/04-surgical-techniques/04a-urethral-reconstruction/minimally-invasive/dviu.mdx
/docs/surgical-techniques/04a-urethral-reconstruction/endoscopic-urethroplasty,Endoscopic Urethroplasty,docs/04-surgical-techniques/04a-urethral-reconstruction/minimally-invasive/endoscopic-urethroplasty.mdx
/docs/surgical-techniques/04a-urethral-reconstruction/enterourethroplasty,Enterourethroplasty,docs/04-surgical-techniques/04a-urethral-reconstruction/graft/enterourethroplasty.mdx
/docs/surgical-techniques/04a-urethral-reconstruction/erickson-dorsal-bmg-ventral-flap,Combined Dorsal BMG + Ventral Fasciocutaneous Flap (Erickson),docs/04-surgical-techniques/04a-urethral-reconstruction/combined/erickson-dorsal-bmg-ventral-flap.mdx
/docs/surgical-techniques/04a-urethral-reconstruction/excision-primary-anastomosis,Excision and Primary Anastomosis (EPA),docs/04-surgical-techniques/04a-urethral-reconstruction/anastomotic/excision-primary-anastomosis.mdx
/docs/surgical-techniques/04a-urethral-reconstruction/fasciocutaneous-penile-flap,Jordan Fasciocutaneous Ventral Penile / Preputial Island Flap,docs/04-surgical-techniques/04a-urethral-reconstruction/flap/fasciocutaneous-penile-flap.mdx
/docs/surgical-techniques/04a-urethral-reconstruction/female-dorsal-inlay-bmg,Female Dorsal Inlay BMG Urethroplasty,docs/04-surgical-techniques/04a-urethral-reconstruction/female/female-dorsal-inlay-bmg.mdx
/docs/surgical-techniques/04a-urethral-reconstruction/female-dorsal-onlay-urethroplasty,Female Dorsal Onlay Urethroplasty,docs/04-surgical-techniques/04a-urethral-reconstruction/female/female-dorsal-onlay-urethroplasty.mdx
/docs/surgical-techniques/04a-urethral-reconstruction/female-dviu-dilation,Female DVIU and Urethral Dilation,docs/04-surgical-techniques/04a-urethral-reconstruction/female/female-dviu-dilation.mdx
/docs/surgical-techniques/04a-urethral-reconstruction/female-urethroplasty,Female Urethroplasty,docs/04-surgical-techniques/04a-urethral-reconstruction/female-urethroplasty.mdx
/docs/surgical-techniques/04a-urethral-reconstruction/female-vaginal-flap-urethroplasty,Female Vaginal Flap Urethroplasty (Blandy U-Flap),docs/04-surgical-techniques/04a-urethral-reconstruction/female/female-vaginal-flap-urethroplasty.mdx
/docs/surgical-techniques/04a-urethral-reconstruction/female-ventral-inlay-bmg,Female Ventral Inlay BMG Urethroplasty,docs/04-surgical-techniques/04a-urethral-reconstruction/female/female-ventral-inlay-bmg.mdx
/docs/surgical-techniques/04a-urethral-reconstruction/female-ventral-onlay-urethroplasty,Female Ventral Onlay Urethroplasty,docs/04-surgical-techniques/04a-urethral-reconstruction/female/female-ventral-onlay-urethroplasty.mdx
/docs/surgical-techniques/04a-urethral-reconstruction/icg-perfusion-assessment,ICG-Guided Flap / Graft Perfusion Assessment in Urethral Reconstruction,docs/04-surgical-techniques/04a-urethral-reconstruction/minimally-invasive/icg-perfusion-assessment.mdx
/docs/surgical-techniques/04a-urethral-reconstruction/johanson-two-stage,Johanson Two-Stage Urethroplasty,docs/04-surgical-techniques/04a-urethral-reconstruction/staged-complex/johanson-two-stage.mdx
/docs/surgical-techniques/04a-urethral-reconstruction/jordan-vessel-sparing-epa,Jordan Vessel-Sparing Excision and Primary Anastomosis,docs/04-surgical-techniques/04a-urethral-reconstruction/anastomotic/jordan-vessel-sparing-epa.mdx
/docs/surgical-techniques/04a-urethral-reconstruction/joshi-step-msanta,MsANTA / Joshi Step Urethroplasty (Mucosal-Sparing Augmented Non-Transected Anastomotic),docs/04-surgical-techniques/04a-urethral-reconstruction/anastomotic/joshi-step-msanta.mdx
/docs/surgical-techniques/04a-urethral-reconstruction/kulkarni-one-stage,Kulkarni One-Stage Panurethral Urethroplasty,docs/04-surgical-techniques/04a-urethral-reconstruction/graft/kulkarni-one-stage.mdx
/docs/surgical-techniques/04a-urethral-reconstruction/labia-minora-flap,Labia Minora Pedicled Flap (Female Urethroplasty),docs/04-surgical-techniques/04a-urethral-reconstruction/female/labia-minora-flap.mdx
/docs/surgical-techniques/04a-urethral-reconstruction/laminated-gracilis-flap,Laminated Gracilis Flap Urethroplasty,docs/04-surgical-techniques/04a-urethral-reconstruction/staged-complex/laminated-gracilis-flap.mdx
/docs/surgical-techniques/04a-urethral-reconstruction/lateral-based-anterior-vaginal-wall-flap,Lateral-Based Anterior Vaginal Wall Flap (Romero-Maroto / Simonato),docs/04-surgical-techniques/04a-urethral-reconstruction/female/lateral-based-anterior-vaginal-wall-flap.mdx
/docs/surgical-techniques/04a-urethral-reconstruction/liquid-minced-buccal,Liquid / Minced Buccal Mucosal Graft,docs/04-surgical-techniques/04a-urethral-reconstruction/minimally-invasive/liquid-minced-buccal.mdx
/docs/surgical-techniques/04a-urethral-reconstruction/lotus-petal-flap,Lotus Petal Flap Urethroplasty,docs/04-surgical-techniques/04a-urethral-reconstruction/flap/lotus-petal-flap.mdx
/docs/surgical-techniques/04a-urethral-reconstruction/male-urethroplasty,Male Urethroplasty,docs/04-surgical-techniques/04a-urethral-reconstruction/male-urethroplasty.mdx
/docs/surgical-techniques/04a-urethral-reconstruction/male-urethroplasty-incisions-approaches,Male Urethroplasty — Incisions & Approaches,docs/04-surgical-techniques/04a-urethral-reconstruction/male-urethroplasty-incisions-approaches.mdx
/docs/surgical-techniques/04a-urethral-reconstruction/manta,MANTA Urethroplasty (Mucomucosal Anastomotic Non-Transecting Augmentation),docs/04-surgical-techniques/04a-urethral-reconstruction/anastomotic/manta.mdx
/docs/surgical-techniques/04a-urethral-reconstruction/mcaninch-circular-flap,McAninch Transverse Circular Penile Fasciocutaneous Flap,docs/04-surgical-techniques/04a-urethral-reconstruction/flap/mcaninch-circular-flap.mdx
/docs/surgical-techniques/04a-urethral-reconstruction/meatotomy,Meatotomy & Meatoplasty,docs/04-surgical-techniques/04a-urethral-reconstruction/meatal-perineal/meatotomy.mdx
/docs/surgical-techniques/04a-urethral-reconstruction/muscle-sparing-urethroplasty,Muscle-Sparing Urethroplasty,docs/04-surgical-techniques/04a-urethral-reconstruction/anastomotic/muscle-sparing-urethroplasty.mdx
/docs/surgical-techniques/04a-urethral-reconstruction/non-transecting-bulbar,Non-Transecting Bulbar Urethroplasty,docs/04-surgical-techniques/04a-urethral-reconstruction/anastomotic/non-transecting-bulbar.mdx
/docs/surgical-techniques/04a-urethral-reconstruction/ntaau,ntAAU Urethroplasty (Non-Transecting Augmented Anastomotic),docs/04-surgical-techniques/04a-urethral-reconstruction/anastomotic/ntaau.mdx
/docs/surgical-techniques/04a-urethral-reconstruction/onol-vaginal-mucosal-inlay,Anterior Vaginal Wall Mucosal Inlay (Önol),docs/04-surgical-techniques/04a-urethral-reconstruction/female/onol-vaginal-mucosal-inlay.mdx
/docs/surgical-techniques/04a-urethral-reconstruction/orandi-flap,Orandi Flap (Longitudinal Ventral Penile Skin Flap),docs/04-surgical-techniques/04a-urethral-reconstruction/flap/orandi-flap.mdx
/docs/surgical-techniques/04a-urethral-reconstruction/palminteri-double-face,Palminteri Double-Face (Two-Sided) BMG Urethroplasty,docs/04-surgical-techniques/04a-urethral-reconstruction/graft/palminteri-double-face.mdx
/docs/surgical-techniques/04a-urethral-reconstruction/pedicled-prepucial-tube,Pedicled Preputial Tube Urethroplasty,docs/04-surgical-techniques/04a-urethral-reconstruction/flap/pedicled-prepucial-tube.mdx
/docs/surgical-techniques/04a-urethral-reconstruction/permanent-urethral-ligation,Perineal Permanent Urethral Ligation (PUL),docs/04-surgical-techniques/04a-urethral-reconstruction/meatal-perineal/permanent-urethral-ligation.mdx
/docs/surgical-techniques/04a-urethral-reconstruction/preputial-spiral-graft,Preputial Spiral Graft Urethroplasty (PSGU),docs/04-surgical-techniques/04a-urethral-reconstruction/graft/preputial-spiral-graft.mdx
/docs/surgical-techniques/04a-urethral-reconstruction/primary-end-to-end-female,Primary End-to-End Anastomosis (Female),docs/04-surgical-techniques/04a-urethral-reconstruction/female/primary-end-to-end-female.mdx
/docs/surgical-techniques/04a-urethral-reconstruction/primary-endoscopic-realignment,Primary Endoscopic Realignment (PER),docs/04-surgical-techniques/04a-urethral-reconstruction/posterior/primary-endoscopic-realignment.mdx
/docs/surgical-techniques/04a-urethral-reconstruction/propeller-flap,Propeller Flap Urethroplasty,docs/04-surgical-techniques/04a-urethral-reconstruction/flap/propeller-flap.mdx
/docs/surgical-techniques/04a-urethral-reconstruction/q-flap,Q-Flap (Morey / Tran / Zinman),docs/04-surgical-techniques/04a-urethral-reconstruction/flap/q-flap.mdx
/docs/surgical-techniques/04a-urethral-reconstruction/quartey-flap,Quartey Flap (Transverse Preputial / Distal Penile Cutaneous Island Flap),docs/04-surgical-techniques/04a-urethral-reconstruction/flap/quartey-flap.mdx
/docs/surgical-techniques/04a-urethral-reconstruction/robotic-posterior-urethroplasty,Robotic Posterior Urethroplasty,docs/04-surgical-techniques/04a-urethral-reconstruction/posterior/robotic-posterior-urethroplasty.mdx
/docs/surgical-techniques/04a-urethral-reconstruction/seven-flap-perineal-urethrostomy,Midline Perineal Urethrostomy,docs/04-surgical-techniques/04a-urethral-reconstruction/meatal-perineal/midline-perineal-urethrostomy.mdx
/docs/surgical-techniques/04a-urethral-reconstruction/singapore-flap,Singapore Flap Urethroplasty,docs/04-surgical-techniques/04a-urethral-reconstruction/flap/singapore-flap.mdx
/docs/surgical-techniques/04a-urethral-reconstruction/sliding-t-dorsal-inlay,Sliding-T Dorsal Inlay Urethroplasty,docs/04-surgical-techniques/04a-urethral-reconstruction/graft/sliding-t-dorsal-inlay.mdx
/docs/surgical-techniques/04a-urethral-reconstruction/staged-bmg-female,Staged BMG Urethroplasty (Female),docs/04-surgical-techniques/04a-urethral-reconstruction/female/staged-bmg-female.mdx
/docs/surgical-techniques/04a-urethral-reconstruction/transmeatal-omg-ventral-inlay,Transmeatal OMG Ventral Inlay (Nikolavsky),docs/04-surgical-techniques/04a-urethral-reconstruction/minimally-invasive/transmeatal-omg-ventral-inlay.mdx
/docs/surgical-techniques/04a-urethral-reconstruction/turner-warwick-scrotal-inlay,Turner-Warwick Two-Stage Scrotal Inlay Urethroplasty,docs/04-surgical-techniques/04a-urethral-reconstruction/flap/turner-warwick-flap.mdx
/docs/surgical-techniques/04a-urethral-reconstruction/urethral-diverticulum-repair,Urethral Diverticulectomy,docs/04-surgical-techniques/04a-urethral-reconstruction/female/urethral-diverticulum-repair.mdx
/docs/surgical-techniques/04a-urethral-reconstruction/urethral-prolapse-repair,Urethral Prolapse Repair (Female),docs/04-surgical-techniques/04a-urethral-reconstruction/female/urethral-prolapse-repair.mdx
/docs/surgical-techniques/04a-urethral-reconstruction/urethral-reconstruction-principles,Principles of Urethral Reconstruction,docs/04-surgical-techniques/04a-urethral-reconstruction/urethral-reconstruction-principles.mdx
/docs/surgical-techniques/04a-urethral-reconstruction/urethrectomy,Urethrectomy,docs/04-surgical-techniques/04a-urethral-reconstruction/urethrectomy.mdx
/docs/surgical-techniques/04a-urethral-reconstruction/vaginal-flap-bmg-combined,Combined Vaginal Flap + BMG Urethroplasty (Female),docs/04-surgical-techniques/04a-urethral-reconstruction/female/vaginal-flap-bmg-combined.mdx
/docs/surgical-techniques/04a-urethral-reconstruction/vaginal-wall-tubularization,Vaginal Wall Tubularization Urethroplasty (Female),docs/04-surgical-techniques/04a-urethral-reconstruction/female/vaginal-wall-tubularization.mdx
/docs/surgical-techniques/04a-urethral-reconstruction/vanni-zinman-ventral-bmg-gracilis,Ventral BMG + Gracilis Muscle Flap (Vanni / Zinman),docs/04-surgical-techniques/04a-urethral-reconstruction/combined/vanni-zinman-ventral-bmg-gracilis.mdx
/docs/surgical-techniques/04a-urethral-reconstruction/ventral-onlay-glanuloplasty,Ventral Onlay Glanuloplasty,docs/04-surgical-techniques/04a-urethral-reconstruction/meatal-perineal/ventral-onlay-glanuloplasty.mdx
/docs/surgical-techniques/04a-urethral-reconstruction/ventral-onlay-omg,Ventral Onlay Oral Mucosal Graft Urethroplasty,docs/04-surgical-techniques/04a-urethral-reconstruction/graft/ventral-onlay-omg.mdx
/docs/surgical-techniques/04ab-bladder-neck-reconstruction,Bladder Neck Reconstruction,docs/04-surgical-techniques/04ab-bladder-neck-reconstruction/index.mdx
/docs/surgical-techniques/04ab-bladder-neck-reconstruction/balloon-dilation-bnc,Balloon Dilation for Bladder Neck Contracture,docs/04-surgical-techniques/04ab-bladder-neck-reconstruction/bnc-vuas/balloon-dilation-bnc.mdx
/docs/surgical-techniques/04ab-bladder-neck-reconstruction/bladder-neck-reconstruction-principles,Principles of Bladder Neck Reconstruction,docs/04-surgical-techniques/04ab-bladder-neck-reconstruction/bladder-neck-reconstruction-principles.mdx
/docs/surgical-techniques/04ab-bladder-neck-reconstruction/bnc,Bladder Neck Contracture (BNC),docs/04-surgical-techniques/04ab-bladder-neck-reconstruction/bnc.mdx
/docs/surgical-techniques/04ab-bladder-neck-reconstruction/bnc-vuas/combined-abdominoperineal,Combined Abdominoperineal Reconstruction,docs/04-surgical-techniques/04ab-bladder-neck-reconstruction/bnc-vuas/combined-abdominoperineal.mdx
/docs/surgical-techniques/04ab-bladder-neck-reconstruction/bnc-vuas/dorsal-bmg-bnc,Dorsal Onlay Buccal Mucosal Graft Urethroplasty for Posterior Stenosis,docs/04-surgical-techniques/04ab-bladder-neck-reconstruction/bnc-vuas/dorsal-bmg-bnc.mdx
/docs/surgical-techniques/04ab-bladder-neck-reconstruction/bnc-vuas/endourethroplasty,BMG Endourethroplasty,docs/04-surgical-techniques/04ab-bladder-neck-reconstruction/bnc-vuas/endourethroplasty.mdx
/docs/surgical-techniques/04ab-bladder-neck-reconstruction/bnc-vuas/primary-reanastomosis,Primary Reanastomosis for Refractory Posterior Stenosis,docs/04-surgical-techniques/04ab-bladder-neck-reconstruction/bnc-vuas/primary-reanastomosis.mdx
/docs/surgical-techniques/04ab-bladder-neck-reconstruction/bnc-vuas/robotic-bladder-flap-urethroplasty,Robotic Bladder Flap Posterior Urethroplasty,docs/04-surgical-techniques/04ab-bladder-neck-reconstruction/bnc-vuas/robotic-bladder-flap-urethroplasty.mdx
/docs/surgical-techniques/04ab-bladder-neck-reconstruction/bnc-vuas/subtrigonal-inlay,Subtrigonal Inlay and Related BMG Approaches for Posterior Stenosis,docs/04-surgical-techniques/04ab-bladder-neck-reconstruction/bnc-vuas/subtrigonal-inlay.mdx
/docs/surgical-techniques/04ab-bladder-neck-reconstruction/bnc-vuas/t-plasty-bnc,T-Plasty for Recurrent Bladder Neck Stenosis,docs/04-surgical-techniques/04ab-bladder-neck-reconstruction/bnc-vuas/t-plasty-bnc.mdx
/docs/surgical-techniques/04ab-bladder-neck-reconstruction/bnc-vuas/tanagho-flap,Tanagho Anterior Bladder Tube,docs/04-surgical-techniques/04ab-bladder-neck-reconstruction/bnc-vuas/tanagho-flap.mdx
/docs/surgical-techniques/04ab-bladder-neck-reconstruction/bnc-vuas/transperineal-reanastomosis,Transperineal Reanastomosis (TPRA),docs/04-surgical-techniques/04ab-bladder-neck-reconstruction/bnc-vuas/transperineal-reanastomosis.mdx
/docs/surgical-techniques/04ab-bladder-neck-reconstruction/bnc-vuas/transurethral-incision-transverse-mucosal-realignment,Transurethral Incision with Transverse Mucosal Realignment (TUITMR),docs/04-surgical-techniques/04ab-bladder-neck-reconstruction/bnc-vuas/transurethral-incision-transverse-mucosal-realignment.mdx
/docs/surgical-techniques/04ab-bladder-neck-reconstruction/bnc-vuas/transvesical-approaches,Transvesical Approaches to BNC and VUAS,docs/04-surgical-techniques/04ab-bladder-neck-reconstruction/bnc-vuas/transvesical-approaches.mdx
/docs/surgical-techniques/04ab-bladder-neck-reconstruction/bnc-vuas/yv-plasty,Y-V Plasty for BNC and VUAS,docs/04-surgical-techniques/04ab-bladder-neck-reconstruction/bnc-vuas/yv-plasty.mdx
/docs/surgical-techniques/04ab-bladder-neck-reconstruction/outlet-continence/bladder-neck-closure,Bladder Neck Closure,docs/04-surgical-techniques/04ab-bladder-neck-reconstruction/outlet-continence/bladder-neck-closure.mdx
/docs/surgical-techniques/04ab-bladder-neck-reconstruction/outlet-continence/salvage-prostatectomy,Salvage Prostatectomy — Reconstructive Indications,docs/04-surgical-techniques/04ab-bladder-neck-reconstruction/outlet-continence/salvage-prostatectomy.mdx
/docs/surgical-techniques/04ab-bladder-neck-reconstruction/transurethral-bladder-neck-resection,Transurethral Bladder Neck Resection (TURBN),docs/04-surgical-techniques/04ab-bladder-neck-reconstruction/bnc-vuas/transurethral-bladder-neck-resection.mdx
/docs/surgical-techniques/04ab-bladder-neck-reconstruction/transurethral-incision-bnc,Transurethral Incision of Bladder Neck Contracture (TUIBNC),docs/04-surgical-techniques/04ab-bladder-neck-reconstruction/bnc-vuas/transurethral-incision-bnc.mdx
/docs/surgical-techniques/04ab-bladder-neck-reconstruction/vuas,Vesicourethral Anastomotic Stenosis (VUAS),docs/04-surgical-techniques/04ab-bladder-neck-reconstruction/vuas.mdx
/docs/surgical-techniques/04b-bladder-reconstruction,Bladder Augmentation & Catheterizable Channels,docs/04-surgical-techniques/04b-bladder-reconstruction/index.mdx
/docs/surgical-techniques/04b-bladder-reconstruction/appendicovesicostomy,Appendicovesicostomy (Mitrofanoff Procedure),docs/04-surgical-techniques/04b-bladder-reconstruction/appendicovesicostomy.mdx
/docs/surgical-techniques/04b-bladder-reconstruction/augmentation-principles,Principles of Bladder Augmentation,docs/04-surgical-techniques/04b-bladder-reconstruction/augmentation-principles.mdx
/docs/surgical-techniques/04b-bladder-reconstruction/autoaugmentation,Bladder Autoaugmentation (Detrusorectomy / Detrusor Myotomy),docs/04-surgical-techniques/04b-bladder-reconstruction/autoaugmentation.mdx
/docs/surgical-techniques/04b-bladder-reconstruction/bladder-augmentation,Augmentation Cystoplasty,docs/04-surgical-techniques/04b-bladder-reconstruction/bladder-augmentation.mdx
/docs/surgical-techniques/04b-bladder-reconstruction/catheterizable-channels,Principles of Continent Catheterizable Channels,docs/04-surgical-techniques/04b-bladder-reconstruction/catheterizable-channels.mdx
/docs/surgical-techniques/04b-bladder-reconstruction/cutaneous-vesicostomy,Cutaneous Vesicostomy,docs/04-surgical-techniques/04b-bladder-reconstruction/cutaneous-vesicostomy.mdx
/docs/surgical-techniques/04b-bladder-reconstruction/gastrocystoplasty,Gastrocystoplasty,docs/04-surgical-techniques/04b-bladder-reconstruction/gastrocystoplasty.mdx
/docs/surgical-techniques/04b-bladder-reconstruction/hemi-kock,Hemi-Kock Continent Stoma,docs/04-surgical-techniques/04b-bladder-reconstruction/hemi-kock.mdx
/docs/surgical-techniques/04b-bladder-reconstruction/ileocecal-cystoplasty,Ileocecal Cystoplasty (Ileocecocystoplasty),docs/04-surgical-techniques/04b-bladder-reconstruction/ileocecal-cystoplasty.mdx
/docs/surgical-techniques/04b-bladder-reconstruction/ileocystoplasty,Ileocystoplasty,docs/04-surgical-techniques/04b-bladder-reconstruction/ileocystoplasty.mdx
/docs/surgical-techniques/04b-bladder-reconstruction/ileovesicostomy,Ileovesicostomy,docs/04-surgical-techniques/04b-bladder-reconstruction/ileovesicostomy.mdx
/docs/surgical-techniques/04b-bladder-reconstruction/indiana-augmentation-cystoplasty,Indiana Augmentation Cystoplasty (IAC),docs/04-surgical-techniques/04b-bladder-reconstruction/indiana-augmentation-cystoplasty.mdx
/docs/surgical-techniques/04b-bladder-reconstruction/seromuscular-colocystoplasty,Seromuscular Colocystoplasty Lined With Urothelium (SCLU),docs/04-surgical-techniques/04b-bladder-reconstruction/seromuscular-colocystoplasty.mdx
/docs/surgical-techniques/04b-bladder-reconstruction/sigmoid-cystoplasty,Sigmoid Cystoplasty (Sigmoidocystoplasty),docs/04-surgical-techniques/04b-bladder-reconstruction/sigmoid-cystoplasty.mdx
/docs/surgical-techniques/04b-bladder-reconstruction/supratrigonal-cystectomy,Supratrigonal Cystectomy with Augmentation Cystoplasty,docs/04-surgical-techniques/04b-bladder-reconstruction/supratrigonal-cystectomy.mdx
/docs/surgical-techniques/04b-bladder-reconstruction/tubularized-bladder-flap,Tubularized Bladder Flap (Continent Catheterizable Vesicostomy),docs/04-surgical-techniques/04b-bladder-reconstruction/tubularized-bladder-flap.mdx
/docs/surgical-techniques/04b-bladder-reconstruction/ureterocystoplasty,Ureterocystoplasty,docs/04-surgical-techniques/04b-bladder-reconstruction/ureterocystoplasty.mdx
/docs/surgical-techniques/04b-bladder-reconstruction/yang-monti,Yang-Monti Channel (Monti Ileovesicostomy),docs/04-surgical-techniques/04b-bladder-reconstruction/yang-monti.mdx
/docs/surgical-techniques/04c-urinary-diversion,Urinary Diversion,docs/04-surgical-techniques/04c-urinary-diversion/index.mdx
/docs/surgical-techniques/04c-urinary-diversion/camey-ii-neobladder,Camey II Detubularized Orthotopic Ileal Neobladder,docs/04-surgical-techniques/04c-urinary-diversion/camey-ii-neobladder.mdx
/docs/surgical-techniques/04c-urinary-diversion/colon-conduit,Colon Conduit Urinary Diversion,docs/04-surgical-techniques/04c-urinary-diversion/colon-conduit.mdx
/docs/surgical-techniques/04c-urinary-diversion/colon-shuffle,Colon Shuffle,docs/04-surgical-techniques/04c-urinary-diversion/colon-shuffle.mdx
/docs/surgical-techniques/04c-urinary-diversion/cutaneous-ureterostomy,Cutaneous Ureterostomy,docs/04-surgical-techniques/04c-urinary-diversion/cutaneous-ureterostomy.mdx
/docs/surgical-techniques/04c-urinary-diversion/double-t-pouch,Double T-Pouch,docs/04-surgical-techniques/04c-urinary-diversion/double-t-pouch.mdx
/docs/surgical-techniques/04c-urinary-diversion/florida-pouch,Florida Pouch,docs/04-surgical-techniques/04c-urinary-diversion/florida-pouch.mdx
/docs/surgical-techniques/04c-urinary-diversion/hautmann-neobladder,Hautmann W-Configuration Ileal Neobladder,docs/04-surgical-techniques/04c-urinary-diversion/hautmann-neobladder.mdx
/docs/surgical-techniques/04c-urinary-diversion/ileal-conduit,Ileal Conduit,docs/04-surgical-techniques/04c-urinary-diversion/ileal-conduit.mdx
/docs/surgical-techniques/04c-urinary-diversion/indiana-pouch,Indiana Pouch,docs/04-surgical-techniques/04c-urinary-diversion/indiana-pouch.mdx
/docs/surgical-techniques/04c-urinary-diversion/intracorporeal-urinary-diversion,Intracorporeal Urinary Diversion (ICUD),docs/04-surgical-techniques/04c-urinary-diversion/intracorporeal-urinary-diversion.mdx
/docs/surgical-techniques/04c-urinary-diversion/kock-pouch,Kock Pouch,docs/04-surgical-techniques/04c-urinary-diversion/kock-pouch.mdx
/docs/surgical-techniques/04c-urinary-diversion/le-bag,Le Bag Ileocolonic Neobladder,docs/04-surgical-techniques/04c-urinary-diversion/le-bag.mdx
/docs/surgical-techniques/04c-urinary-diversion/mainz-pouch-i,Mainz Pouch I,docs/04-surgical-techniques/04c-urinary-diversion/mainz-pouch-i.mdx
/docs/surgical-techniques/04c-urinary-diversion/mainz-pouch-ii,Mainz Pouch II,docs/04-surgical-techniques/04c-urinary-diversion/mainz-pouch-ii.mdx
/docs/surgical-techniques/04c-urinary-diversion/mansoura-neobladder,Mansoura Neobladder,docs/04-surgical-techniques/04c-urinary-diversion/mansoura-neobladder.mdx
/docs/surgical-techniques/04c-urinary-diversion/modified-studer-pouch,Studer Orthotopic Ileal Neobladder,docs/04-surgical-techniques/04c-urinary-diversion/modified-studer-pouch.mdx
/docs/surgical-techniques/04c-urinary-diversion/parastomal-hernia,Parastomal Hernia After Urinary Diversion,docs/04-surgical-techniques/04c-urinary-diversion/parastomal-hernia.mdx
/docs/surgical-techniques/04c-urinary-diversion/penn-pouch,Penn Pouch,docs/04-surgical-techniques/04c-urinary-diversion/penn-pouch.mdx
/docs/surgical-techniques/04c-urinary-diversion/right-colon-pouch,Right Colon Pouch,docs/04-surgical-techniques/04c-urinary-diversion/right-colon-pouch.mdx
/docs/surgical-techniques/04c-urinary-diversion/simple-cystectomy,Simple Cystectomy for Benign Disease,docs/04-surgical-techniques/04c-urinary-diversion/simple-cystectomy.mdx
/docs/surgical-techniques/04c-urinary-diversion/t-pouch-modification,T-Pouch Orthotopic Ileal Neobladder,docs/04-surgical-techniques/04c-urinary-diversion/t-pouch-modification.mdx
/docs/surgical-techniques/04c-urinary-diversion/ureterosigmoidostomy,Ureterosigmoidostomy and Rectosigmoid Diversion,docs/04-surgical-techniques/04c-urinary-diversion/ureterosigmoidostomy.mdx
/docs/surgical-techniques/04c-urinary-diversion/urinary-diversion-principles,Principles of Urinary Diversion,docs/04-surgical-techniques/04c-urinary-diversion/urinary-diversion-principles.mdx
/docs/surgical-techniques/04c-urinary-diversion/vip-neobladder,Vescica Ileale Padovana (VIP) / Padua Ileal Bladder (PIB),docs/04-surgical-techniques/04c-urinary-diversion/vip-neobladder.mdx
/docs/surgical-techniques/04d-upper-tract-reconstruction,Upper Tract Reconstruction,docs/04-surgical-techniques/04d-upper-tract-reconstruction/index.mdx
/docs/surgical-techniques/04d-upper-tract-reconstruction/appendiceal-ileal-onlay,Appendiceal Onlay / Interposition,docs/04-surgical-techniques/04d-upper-tract-reconstruction/interposition-graft/appendiceal-ileal-onlay.mdx
/docs/surgical-techniques/04d-upper-tract-reconstruction/augmented-anastomotic-uu,Augmented Anastomotic Ureteroureterostomy,docs/04-surgical-techniques/04d-upper-tract-reconstruction/anastomosis-repair/augmented-anastomotic-uu.mdx
/docs/surgical-techniques/04d-upper-tract-reconstruction/balloon-dilation,Balloon Dilation of the Upper Tract,docs/04-surgical-techniques/04d-upper-tract-reconstruction/balloon-dilation.mdx
/docs/surgical-techniques/04d-upper-tract-reconstruction/bmg-onlay-ureter,Buccal Mucosa Graft Ureteroplasty,docs/04-surgical-techniques/04d-upper-tract-reconstruction/interposition-graft/bmg-onlay-ureter.mdx
/docs/surgical-techniques/04d-upper-tract-reconstruction/boari-flap-psoas-hitch,Boari Flap & Psoas Hitch,docs/04-surgical-techniques/04d-upper-tract-reconstruction/reimplantation/boari-flap-psoas-hitch.mdx
/docs/surgical-techniques/04d-upper-tract-reconstruction/downward-nephropexy,Downward Nephropexy,docs/04-surgical-techniques/04d-upper-tract-reconstruction/reimplantation/downward-nephropexy.mdx
/docs/surgical-techniques/04d-upper-tract-reconstruction/endoureterotomy,Endoureterotomy,docs/04-surgical-techniques/04d-upper-tract-reconstruction/minimally-invasive/endoureterotomy.mdx
/docs/surgical-techniques/04d-upper-tract-reconstruction/ileal-ureter,Ileal Ureter,docs/04-surgical-techniques/04d-upper-tract-reconstruction/interposition-graft/ileal-ureter.mdx
/docs/surgical-techniques/04d-upper-tract-reconstruction/manta-ureteroplasty,Muco-Mucosal Anastomotic Non-Transecting Augmentation (MANTA) Ureteroplasty,docs/04-surgical-techniques/04d-upper-tract-reconstruction/interposition-graft/manta-ureteroplasty.mdx
/docs/surgical-techniques/04d-upper-tract-reconstruction/non-transecting-reimplant,Non-Transecting Ureteral Reimplantation,docs/04-surgical-techniques/04d-upper-tract-reconstruction/reimplantation/non-transecting-reimplant.mdx
/docs/surgical-techniques/04d-upper-tract-reconstruction/pyeloplasty,Pyeloplasty,docs/04-surgical-techniques/04d-upper-tract-reconstruction/anastomosis-repair/pyeloplasty.mdx
/docs/surgical-techniques/04d-upper-tract-reconstruction/pyelovesicostomy,Pyelovesicostomy,docs/04-surgical-techniques/04d-upper-tract-reconstruction/pyelovesicostomy.mdx
/docs/surgical-techniques/04d-upper-tract-reconstruction/reconfigured-colon,Reconfigured Colon Ureteral Substitute,docs/04-surgical-techniques/04d-upper-tract-reconstruction/reconfigured-colon.mdx
/docs/surgical-techniques/04d-upper-tract-reconstruction/reimplantation/ureteroenteric-anastomotic-revision,Ureteroenteric Anastomotic Stricture Repair,docs/04-surgical-techniques/04d-upper-tract-reconstruction/reimplantation/ureteroenteric-anastomotic-revision.mdx
/docs/surgical-techniques/04d-upper-tract-reconstruction/renal-autotransplantation,Renal Autotransplantation,docs/04-surgical-techniques/04d-upper-tract-reconstruction/anastomosis-repair/renal-autotransplantation.mdx
/docs/surgical-techniques/04d-upper-tract-reconstruction/simple-nephrectomy,Simple (Benign) Nephrectomy,docs/04-surgical-techniques/04d-upper-tract-reconstruction/simple-nephrectomy.mdx
/docs/surgical-techniques/04d-upper-tract-reconstruction/trans-ureteroureterostomy,Transureteroureterostomy,docs/04-surgical-techniques/04d-upper-tract-reconstruction/anastomosis-repair/trans-ureteroureterostomy.mdx
/docs/surgical-techniques/04d-upper-tract-reconstruction/transvaginal-ureteral-reimplant,Transvaginal Ureteral Reimplantation,docs/04-surgical-techniques/04d-upper-tract-reconstruction/transvaginal-ureteral-reimplant.mdx
/docs/surgical-techniques/04d-upper-tract-reconstruction/upper-tract-reconstruction-principles,Principles of Upper Tract Reconstruction,docs/04-surgical-techniques/04d-upper-tract-reconstruction/upper-tract-reconstruction-principles.mdx
/docs/surgical-techniques/04d-upper-tract-reconstruction/ureteral-reimplantation,Ureteral Reimplantation,docs/04-surgical-techniques/04d-upper-tract-reconstruction/reimplantation/ureteral-reimplantation.mdx
/docs/surgical-techniques/04d-upper-tract-reconstruction/ureterocalicostomy,Ureterocalicostomy,docs/04-surgical-techniques/04d-upper-tract-reconstruction/anastomosis-repair/ureterocalicostomy.mdx
/docs/surgical-techniques/04d-upper-tract-reconstruction/ureterolysis,Ureterolysis for Retroperitoneal Fibrosis,docs/04-surgical-techniques/04d-upper-tract-reconstruction/ureterolysis.mdx
/docs/surgical-techniques/04d-upper-tract-reconstruction/ureteroureterostomy,Ureteroureterostomy,docs/04-surgical-techniques/04d-upper-tract-reconstruction/anastomosis-repair/ureteroureterostomy.mdx
/docs/surgical-techniques/04d-upper-tract-reconstruction/yang-monti-ileal-ureter,Yang-Monti Ileal Ureter,docs/04-surgical-techniques/04d-upper-tract-reconstruction/yang-monti-ileal-ureter.mdx
/docs/surgical-techniques/04e-genital-reconstruction,Genital Reconstruction,docs/04-surgical-techniques/04e-genital-reconstruction/index.mdx
/docs/surgical-techniques/04e-genital-reconstruction/3r-scip-lft,3R / SCIP Lymphatic Flap Transfer for Male Genital Elephantiasis,docs/04-surgical-techniques/04e-genital-reconstruction/3r-scip-lft.mdx
/docs/surgical-techniques/04e-genital-reconstruction/aoap-flap,Anterior Obturator Artery Perforator (aOAP) Flap — Vulvovestibular Reconstruction,docs/04-surgical-techniques/04e-genital-reconstruction/aoap-flap.mdx
/docs/surgical-techniques/04e-genital-reconstruction/bipedicled-anterior-scrotal-flap,Bipedicled Anterior Scrotal Flap (Fakin Technique),docs/04-surgical-techniques/04e-genital-reconstruction/bipedicled-anterior-scrotal-flap.mdx
/docs/surgical-techniques/04e-genital-reconstruction/bloom-bariatric-vlnt,BLOOM — Bariatric Lymphedema One-Stage Operative Management,docs/04-surgical-techniques/04e-genital-reconstruction/bloom-bariatric-vlnt.mdx
/docs/surgical-techniques/04e-genital-reconstruction/buried-penis-repair,Buried Penis Repair,docs/04-surgical-techniques/04e-genital-reconstruction/buried-penis-repair.mdx
/docs/surgical-techniques/04e-genital-reconstruction/cecil-culp-procedure,Cecil-Culp Procedure,docs/04-surgical-techniques/04e-genital-reconstruction/cecil-culp-procedure.mdx
/docs/surgical-techniques/04e-genital-reconstruction/chascip,CHASCIP — Charles Excision and Bilateral Lymphatic SCIP Flap Transfer,docs/04-surgical-techniques/04e-genital-reconstruction/chascip.mdx
/docs/surgical-techniques/04e-genital-reconstruction/complete-functional-lymphatic-pedicled-transfer,Complete Functional Lymphatic-System Pedicled Transfer (Abdelfattah),docs/04-surgical-techniques/04e-genital-reconstruction/complete-functional-lymphatic-pedicled-transfer.mdx
/docs/surgical-techniques/04e-genital-reconstruction/complex-decongestive-therapy,Complex Decongestive Therapy (CDT),docs/04-surgical-techniques/04e-genital-reconstruction/complex-decongestive-therapy.mdx
/docs/surgical-techniques/04e-genital-reconstruction/debulking-scrotoplasty,Debulking Scrotoplasty — Excision With Primary Closure,docs/04-surgical-techniques/04e-genital-reconstruction/debulking-scrotoplasty.mdx
/docs/surgical-techniques/04e-genital-reconstruction/defibulation,Defibulation (Deinfibulation) for Type III FGM/C,docs/04-surgical-techniques/04e-genital-reconstruction/defibulation.mdx
/docs/surgical-techniques/04e-genital-reconstruction/epap-hemi-scrotal-flap,Sensate External Pudendal Artery Perforator (EPAP) Hemi-Scrotal Flap,docs/04-surgical-techniques/04e-genital-reconstruction/epap-hemi-scrotal-flap.mdx
/docs/surgical-techniques/04e-genital-reconstruction/escutcheonectomy,Escutcheonectomy,docs/04-surgical-techniques/04e-genital-reconstruction/escutcheonectomy.mdx
/docs/surgical-techniques/04e-genital-reconstruction/excision-flap-reconstruction-lymphedema,Excision With Flap Reconstruction for Genital Lymphedema,docs/04-surgical-techniques/04e-genital-reconstruction/excision-flap-reconstruction-lymphedema.mdx
/docs/surgical-techniques/04e-genital-reconstruction/fgm-fat-grafting,Autologous Fat Grafting (Lipofilling) for FGM/C-Related Vulvar Scars,docs/04-surgical-techniques/04e-genital-reconstruction/fgm-fat-grafting.mdx
/docs/surgical-techniques/04e-genital-reconstruction/foldes-clitoral-reconstruction,Foldès Clitoral Reconstruction (± OD Preputial Flap),docs/04-surgical-techniques/04e-genital-reconstruction/foldes-clitoral-reconstruction.mdx
/docs/surgical-techniques/04e-genital-reconstruction/genital-reconstruction-principles,Principles of Genital Reconstruction,docs/04-surgical-techniques/04e-genital-reconstruction/genital-reconstruction-principles.mdx
/docs/surgical-techniques/04e-genital-reconstruction/genitourinary-vca,Genitourinary Vascularized Composite Allotransplantation (Penile / Total Penis-Scrotum-Lower-Abdominal-Wall VCA),docs/04-surgical-techniques/04e-genital-reconstruction/genitourinary-vca.mdx
/docs/surgical-techniques/04e-genital-reconstruction/glans-reconstruction,Glans Reconstruction / Glansplasty,docs/04-surgical-techniques/04e-genital-reconstruction/glans-reconstruction.mdx
/docs/surgical-techniques/04e-genital-reconstruction/glans-resurfacing,Glans Resurfacing (Glans Skinning),docs/04-surgical-techniques/04e-genital-reconstruction/glans-resurfacing.mdx
/docs/surgical-techniques/04e-genital-reconstruction/glansectomy-stsg,Glansectomy With Split-Thickness Skin Graft (STSG),docs/04-surgical-techniques/04e-genital-reconstruction/glansectomy-stsg.mdx
/docs/surgical-techniques/04e-genital-reconstruction/glanuloplasty-flaps,Glanuloplasty With Flaps,docs/04-surgical-techniques/04e-genital-reconstruction/glanuloplasty-flaps.mdx
/docs/surgical-techniques/04e-genital-reconstruction/gulino-everted-urethral-flap,Distal Urethral Reconstruction Glanuloplasty (Gulino Technique),docs/04-surgical-techniques/04e-genital-reconstruction/gulino-everted-urethral-flap.mdx
/docs/surgical-techniques/04e-genital-reconstruction/inverted-urethral-flap,Inverted Urethral Flap (IUF) Glanuloplasty,docs/04-surgical-techniques/04e-genital-reconstruction/inverted-urethral-flap.mdx
/docs/surgical-techniques/04e-genital-reconstruction/local-flaps-ls-sequelae,Local Skin Flaps for Lichen Sclerosus Sequelae,docs/04-surgical-techniques/04e-genital-reconstruction/local-flaps-ls-sequelae.mdx
/docs/surgical-techniques/04e-genital-reconstruction/lymphaticovenous-anastomosis,Lymphaticovenous Anastomosis (LVA / LVB),docs/04-surgical-techniques/04e-genital-reconstruction/lymphaticovenous-anastomosis.mdx
/docs/surgical-techniques/04e-genital-reconstruction/lyst,Lymphatic System Transfer (LYST),docs/04-surgical-techniques/04e-genital-reconstruction/lyst.mdx
/docs/surgical-techniques/04e-genital-reconstruction/manero-vaginal-graft,Mañero Vaginal Mucosal Graft — Clitorolabial Reconstruction After FGM/C,docs/04-surgical-techniques/04e-genital-reconstruction/manero-vaginal-graft.mdx
/docs/surgical-techniques/04e-genital-reconstruction/mazza-scrotal-flap-glanuloplasty,Scrotal Flap Glanuloplasty (Mazza and Cheliz Technique),docs/04-surgical-techniques/04e-genital-reconstruction/mazza-scrotal-flap-glanuloplasty.mdx
/docs/surgical-techniques/04e-genital-reconstruction/modified-charles-procedure,Modified Charles Procedure,docs/04-surgical-techniques/04e-genital-reconstruction/modified-charles-procedure.mdx
/docs/surgical-techniques/04e-genital-reconstruction/muranyi-scrotal-tunnel-flap,Modified Bipedicle Scrotal Tunnel Flap (Murányi Technique),docs/04-surgical-techniques/04e-genital-reconstruction/muranyi-scrotal-tunnel-flap.mdx
/docs/surgical-techniques/04e-genital-reconstruction/panniculectomy,Panniculectomy (Urologic Indications),docs/04-surgical-techniques/04e-genital-reconstruction/panniculectomy.mdx
/docs/surgical-techniques/04e-genital-reconstruction/paraffinoma-excision,Paraffinoma Excision and Penile Resurfacing,docs/04-surgical-techniques/04e-genital-reconstruction/paraffinoma-excision.mdx
/docs/surgical-techniques/04e-genital-reconstruction/penile,Penile Reconstruction,docs/04-surgical-techniques/04e-genital-reconstruction/penile.mdx
/docs/surgical-techniques/04e-genital-reconstruction/penile-primary-closure,Penile Primary Closure ± Z-Plasty,docs/04-surgical-techniques/04e-genital-reconstruction/penile-primary-closure.mdx
/docs/surgical-techniques/04e-genital-reconstruction/penile-replantation,Microsurgical Penile / Glans Replantation,docs/04-surgical-techniques/04e-genital-reconstruction/penile-replantation.mdx
/docs/surgical-techniques/04e-genital-reconstruction/penile-skin-grafting,Penile Skin Grafting,docs/04-surgical-techniques/04e-genital-reconstruction/penile-skin-grafting.mdx
/docs/surgical-techniques/04e-genital-reconstruction/penile-skin-reconstruction,Penile Skin / Shaft Reconstruction,docs/04-surgical-techniques/04e-genital-reconstruction/penile-skin-reconstruction.mdx
/docs/surgical-techniques/04e-genital-reconstruction/penile-tissue-substitutes,Penile Grafting With Tissue Substitutes,docs/04-surgical-techniques/04e-genital-reconstruction/penile-tissue-substitutes.mdx
/docs/surgical-techniques/04e-genital-reconstruction/perineoplasty-de-adhesion,Perineoplasty + De-Adhesion for Vulvar Lichen Sclerosus,docs/04-surgical-techniques/04e-genital-reconstruction/perineoplasty-de-adhesion.mdx
/docs/surgical-techniques/04e-genital-reconstruction/reverse-anterior-scrotal-flap,Reverse Bilateral Anterior Scrotal Artery Flap (Gao / Qu),docs/04-surgical-techniques/04e-genital-reconstruction/reverse-anterior-scrotal-flap.mdx
/docs/surgical-techniques/04e-genital-reconstruction/sapl-liposuction,Suction-Assisted Protein Lipectomy (SAPL / Liposuction),docs/04-surgical-techniques/04e-genital-reconstruction/sapl-liposuction.mdx
/docs/surgical-techniques/04e-genital-reconstruction/scrotal,Scrotal Reconstruction,docs/04-surgical-techniques/04e-genital-reconstruction/scrotal.mdx
/docs/surgical-techniques/04e-genital-reconstruction/scrotal-flaps,Scrotal Flap Reconstruction,docs/04-surgical-techniques/04e-genital-reconstruction/scrotal-flaps.mdx
/docs/surgical-techniques/04e-genital-reconstruction/scrotal-primary-closure,Primary Closure of the Scrotum,docs/04-surgical-techniques/04e-genital-reconstruction/scrotal-primary-closure.mdx
/docs/surgical-techniques/04e-genital-reconstruction/scrotal-reconstruction,Scrotal Reconstruction,docs/04-surgical-techniques/04e-genital-reconstruction/scrotal-reconstruction.mdx
/docs/surgical-techniques/04e-genital-reconstruction/scrotal-stsg,Skin Grafting of the Scrotum,docs/04-surgical-techniques/04e-genital-reconstruction/scrotal-stsg.mdx
/docs/surgical-techniques/04e-genital-reconstruction/scrotal-thigh-pouch,Testicular Thigh Pouch,docs/04-surgical-techniques/04e-genital-reconstruction/scrotal-thigh-pouch.mdx
/docs/surgical-techniques/04e-genital-reconstruction/shaeer-rectus-myofascial-neoglans,Rectus Abdominis Myofascial Flap Neoglans (Shaeer Technique),docs/04-surgical-techniques/04e-genital-reconstruction/shaeer-rectus-myofascial-neoglans.mdx
/docs/surgical-techniques/04e-genital-reconstruction/staged-scrotal-flap,Staged Bipedicled Scrotal Flap (Pribaz / McLaughlin Technique),docs/04-surgical-techniques/04e-genital-reconstruction/staged-scrotal-flap.mdx
/docs/surgical-techniques/04e-genital-reconstruction/testicular-prosthesis,Testicular Prosthesis,docs/04-surgical-techniques/04e-genital-reconstruction/testicular-prosthesis.mdx
/docs/surgical-techniques/04e-genital-reconstruction/testicular-reimplantation,Testicular Reimplantation — Operative Atlas,docs/04-surgical-techniques/04e-genital-reconstruction/testicular-reimplantation.mdx
/docs/surgical-techniques/04e-genital-reconstruction/total-anterior-scrotal-flap,Total Anterior Scrotal Flap (Zhao Technique),docs/04-surgical-techniques/04e-genital-reconstruction/total-anterior-scrotal-flap.mdx
/docs/surgical-techniques/04e-genital-reconstruction/vascularized-lymph-node-transfer,Vascularized Lymph Node Transfer (VLNT) into the Scrotum / Groin,docs/04-surgical-techniques/04e-genital-reconstruction/vascularized-lymph-node-transfer.mdx
/docs/surgical-techniques/04e-genital-reconstruction/ventral-slit-scrotal-flap,Ventral Slit Scrotal Flap (VSSF — Westerman / Tausch),docs/04-surgical-techniques/04e-genital-reconstruction/ventral-slit-scrotal-flap.mdx
/docs/surgical-techniques/04e-genital-reconstruction/vulvar,Vulvar Reconstruction,docs/04-surgical-techniques/04e-genital-reconstruction/vulvar.mdx
/docs/surgical-techniques/04e-genital-reconstruction/vulvar-gcipf,Genito-Crural Island Perforator Flap (GCIPF) for Vulvar Reconstruction,docs/04-surgical-techniques/04e-genital-reconstruction/vulvar-gcipf.mdx
/docs/surgical-techniques/04e-genital-reconstruction/vulvar-primary-closure,Primary Closure of the Vulva,docs/04-surgical-techniques/04e-genital-reconstruction/vulvar-primary-closure.mdx
/docs/surgical-techniques/04e-genital-reconstruction/vulvar-skin-graft,Skin Grafts in Vulvar Reconstruction (STSG / FTSG),docs/04-surgical-techniques/04e-genital-reconstruction/vulvar-skin-graft.mdx
/docs/surgical-techniques/04e-genital-reconstruction/yao-butterfly-scrotal-flap,"Modified Bilateral ""Butterfly"" Scrotal Flap (Yao Technique)",docs/04-surgical-techniques/04e-genital-reconstruction/yao-butterfly-scrotal-flap.mdx
/docs/surgical-techniques/04f-incontinence-procedures/female-sui/female-stress-incontinence-database,Female Stress Urinary Incontinence,docs/04-surgical-techniques/04f-incontinence-procedures/female-sui/female-stress-incontinence-database.mdx
/docs/surgical-techniques/04f-incontinence-procedures/male-sui/male-stress-incontinence-database,Male Stress Urinary Incontinence,docs/04-surgical-techniques/04f-incontinence-procedures/male-sui/male-stress-incontinence-database.mdx
/docs/surgical-techniques/04f-incontinence-procedures/oab-uui/oab-uui-database,OAB & Urgency Urinary Incontinence,docs/04-surgical-techniques/04f-incontinence-procedures/oab-uui/oab-uui-database.mdx
/docs/surgical-techniques/04f-incontinence-procedures/procedures/absorbent-products,Absorbent Products and the Pad-Weight Test,docs/04-surgical-techniques/04f-incontinence-procedures/procedures/absorbent-products.mdx
/docs/surgical-techniques/04f-incontinence-procedures/procedures/adjustable-continence-devices,Adjustable Continence Devices,docs/04-surgical-techniques/04f-incontinence-procedures/procedures/adjustable-continence-devices.mdx
/docs/surgical-techniques/04f-incontinence-procedures/procedures/advance-sling,AdVance / AdVance XP — Retrourethral Transobturator Male Sling,docs/04-surgical-techniques/04f-incontinence-procedures/procedures/advance-sling.mdx
/docs/surgical-techniques/04f-incontinence-procedures/procedures/argus-sling,Argus — Adjustable Suburethral Compression Sling,docs/04-surgical-techniques/04f-incontinence-procedures/procedures/argus-sling.mdx
/docs/surgical-techniques/04f-incontinence-procedures/procedures/artificial-urinary-sphincter,Artificial Urinary Sphincter (Procedure),docs/04-surgical-techniques/04f-incontinence-procedures/procedures/artificial-urinary-sphincter.mdx
/docs/surgical-techniques/04f-incontinence-procedures/procedures/atoms-sling,ATOMS — Adjustable Transobturator Male System,docs/04-surgical-techniques/04f-incontinence-procedures/procedures/atoms-sling.mdx
/docs/surgical-techniques/04f-incontinence-procedures/procedures/autologous-pubovaginal-sling,Autologous Fascial Pubovaginal Sling (PVS),docs/04-surgical-techniques/04f-incontinence-procedures/procedures/autologous-pubovaginal-sling.mdx
/docs/surgical-techniques/04f-incontinence-procedures/procedures/barrier-creams,Barrier Creams and Incontinence-Associated Dermatitis Prevention,docs/04-surgical-techniques/04f-incontinence-procedures/procedures/barrier-creams.mdx
/docs/surgical-techniques/04f-incontinence-procedures/procedures/behavioral-therapy-incontinence,Behavioral Therapy for Urinary Incontinence,docs/04-surgical-techniques/04f-incontinence-procedures/procedures/behavioral-therapy-incontinence.mdx
/docs/surgical-techniques/04f-incontinence-procedures/procedures/burch-colposuspension,Burch Colposuspension,docs/04-surgical-techniques/04f-incontinence-procedures/procedures/burch-colposuspension.mdx
/docs/surgical-techniques/04f-incontinence-procedures/procedures/condom-catheters,Condom Catheters &amp; External Urine Collection Devices,docs/04-surgical-techniques/04f-incontinence-procedures/procedures/condom-catheters.mdx
/docs/surgical-techniques/04f-incontinence-procedures/procedures/continence-pessary,Continence Pessary,docs/04-surgical-techniques/04f-incontinence-procedures/procedures/continence-pessary.mdx
/docs/surgical-techniques/04f-incontinence-procedures/procedures/female-slings-suspensions,Female Slings & Suspensions,docs/04-surgical-techniques/04f-incontinence-procedures/procedures/female-slings-suspensions.mdx
/docs/surgical-techniques/04f-incontinence-procedures/procedures/implantable-tibial-nerve-stimulation,Implantable Tibial Nerve Stimulation (iTNM),docs/04-surgical-techniques/04f-incontinence-procedures/procedures/implantable-tibial-nerve-stimulation.mdx
/docs/surgical-techniques/04f-incontinence-procedures/procedures/intradetrusor-botox,Intradetrusor OnabotulinumtoxinA,docs/04-surgical-techniques/04f-incontinence-procedures/procedures/intradetrusor-botox.mdx
/docs/surgical-techniques/04f-incontinence-procedures/procedures/male-urethral-slings,Male Urethral Slings & Implant Devices — Chooser,docs/04-surgical-techniques/04f-incontinence-procedures/procedures/male-urethral-slings.mdx
/docs/surgical-techniques/04f-incontinence-procedures/procedures/neuromodulation,Neuromodulation,docs/04-surgical-techniques/04f-incontinence-procedures/procedures/neuromodulation.mdx
/docs/surgical-techniques/04f-incontinence-procedures/procedures/pelvic-floor-electrical-stimulation,Pelvic Floor Electrical Stimulation (PFES),docs/04-surgical-techniques/04f-incontinence-procedures/procedures/pelvic-floor-electrical-stimulation.mdx
/docs/surgical-techniques/04f-incontinence-procedures/procedures/pelvic-floor-pt,Pelvic Floor Physical Therapy,docs/04-surgical-techniques/04f-incontinence-procedures/procedures/pelvic-floor-pt.mdx
/docs/surgical-techniques/04f-incontinence-procedures/procedures/penile-clamp,Penile Clamp (External Penile Compression Device),docs/04-surgical-techniques/04f-incontinence-procedures/procedures/penile-clamp.mdx
/docs/surgical-techniques/04f-incontinence-procedures/procedures/percutaneous-nerve-evaluation,Percutaneous Nerve Evaluation,docs/04-surgical-techniques/04f-incontinence-procedures/procedures/percutaneous-nerve-evaluation.mdx
/docs/surgical-techniques/04f-incontinence-procedures/procedures/percutaneous-tibial-nerve-stimulation,Percutaneous Tibial Nerve Stimulation,docs/04-surgical-techniques/04f-incontinence-procedures/procedures/percutaneous-tibial-nerve-stimulation.mdx
/docs/surgical-techniques/04f-incontinence-procedures/procedures/poise-impressa,Poise Impressa,docs/04-surgical-techniques/04f-incontinence-procedures/procedures/poise-impressa.mdx
/docs/surgical-techniques/04f-incontinence-procedures/procedures/proact-balloons,ProACT — Adjustable Continence Therapy (Periurethral Balloons),docs/04-surgical-techniques/04f-incontinence-procedures/procedures/proact-balloons.mdx
/docs/surgical-techniques/04f-incontinence-procedures/procedures/remeex-mrs,REMEEX — Male Readjustable Sling (MRS),docs/04-surgical-techniques/04f-incontinence-procedures/procedures/remeex-mrs.mdx
/docs/surgical-techniques/04f-incontinence-procedures/procedures/retropubic-midurethral-sling,Retropubic Mid-Urethral Sling,docs/04-surgical-techniques/04f-incontinence-procedures/procedures/retropubic-midurethral-sling.mdx
/docs/surgical-techniques/04f-incontinence-procedures/procedures/sacral-neuromodulation,Sacral Neuromodulation,docs/04-surgical-techniques/04f-incontinence-procedures/procedures/sacral-neuromodulation.mdx
/docs/surgical-techniques/04f-incontinence-procedures/procedures/single-incision-mini-sling,Single-Incision Mini-Sling,docs/04-surgical-techniques/04f-incontinence-procedures/procedures/single-incision-mini-sling.mdx
/docs/surgical-techniques/04f-incontinence-procedures/procedures/transobturator-midurethral-sling,Transobturator Mid-Urethral Sling,docs/04-surgical-techniques/04f-incontinence-procedures/procedures/transobturator-midurethral-sling.mdx
/docs/surgical-techniques/04f-incontinence-procedures/procedures/urethral-bulking-agents,Urethral Bulking Agents,docs/04-surgical-techniques/04f-incontinence-procedures/procedures/urethral-bulking-agents.mdx
/docs/surgical-techniques/04f-incontinence-procedures/procedures/urethrolysis,Urethrolysis,docs/04-surgical-techniques/04f-incontinence-procedures/procedures/urethrolysis.mdx
/docs/surgical-techniques/04f-incontinence-procedures/procedures/vaginal-laser-therapy,Vaginal Laser Therapy,docs/04-surgical-techniques/04f-incontinence-procedures/procedures/vaginal-laser-therapy.mdx
/docs/surgical-techniques/04f-incontinence-procedures/procedures/virtue-sling,Virtue Quadratic Male Sling,docs/04-surgical-techniques/04f-incontinence-procedures/procedures/virtue-sling.mdx
/docs/surgical-techniques/04f-incontinence-procedures/procedures/weight-loss-incontinence,Weight Loss for Urinary Incontinence,docs/04-surgical-techniques/04f-incontinence-procedures/procedures/weight-loss-incontinence.mdx
/docs/surgical-techniques/04g-prolapse-repair,Prolapse Repair,docs/04-surgical-techniques/04g-prolapse-repair/index.mdx
/docs/surgical-techniques/04g-prolapse-repair/anterior-colporrhaphy,Anterior Colporrhaphy,docs/04-surgical-techniques/04g-prolapse-repair/anterior/anterior-colporrhaphy.mdx
/docs/surgical-techniques/04g-prolapse-repair/colpocleisis,Colpocleisis (Le Fort and Total),docs/04-surgical-techniques/04g-prolapse-repair/obliterative-pessary/colpocleisis-total.mdx
/docs/surgical-techniques/04g-prolapse-repair/halban-culdoplasty,Halban Culdoplasty,docs/04-surgical-techniques/04g-prolapse-repair/posterior-enterocele/halban-culdoplasty.mdx
/docs/surgical-techniques/04g-prolapse-repair/iliococcygeus-suspension,Iliococcygeus Fascia Suspension,docs/04-surgical-techniques/04g-prolapse-repair/apical/iliococcygeus-suspension.mdx
/docs/surgical-techniques/04g-prolapse-repair/kelly-plication,Kelly Plication,docs/04-surgical-techniques/04g-prolapse-repair/anterior/kelly-plication.mdx
/docs/surgical-techniques/04g-prolapse-repair/laparoscopic-lateral-suspension,Laparoscopic Lateral Suspension (LLS),docs/04-surgical-techniques/04g-prolapse-repair/apical/laparoscopic-lateral-suspension.mdx
/docs/surgical-techniques/04g-prolapse-repair/lifestyle-modifications,Lifestyle Modifications for Pelvic Organ Prolapse,docs/04-surgical-techniques/04g-prolapse-repair/lifestyle-modifications.mdx
/docs/surgical-techniques/04g-prolapse-repair/manchester-fothergill,Manchester-Fothergill Procedure,docs/04-surgical-techniques/04g-prolapse-repair/apical/manchester-fothergill.mdx
/docs/surgical-techniques/04g-prolapse-repair/mccall-culdoplasty,McCall Culdoplasty,docs/04-surgical-techniques/04g-prolapse-repair/posterior-enterocele/vaginal-mccall-culdoplasty.mdx
/docs/surgical-techniques/04g-prolapse-repair/mesh-complications,Mesh Complications & Removal — POP and SUI Mesh,docs/04-surgical-techniques/04g-prolapse-repair/mesh-complications.mdx
/docs/surgical-techniques/04g-prolapse-repair/mesh-graft-augmented-repairs,Mesh & Graft-Augmented Prolapse Repair,docs/04-surgical-techniques/04g-prolapse-repair/mesh-graft-augmented-repairs.mdx
/docs/surgical-techniques/04g-prolapse-repair/michigan-four-wall,Michigan Four-Wall Sacrospinous Ligament Suspension,docs/04-surgical-techniques/04g-prolapse-repair/anterior/michigan-four-wall.mdx
/docs/surgical-techniques/04g-prolapse-repair/moschcowitz-procedure,Moschcowitz Procedure,docs/04-surgical-techniques/04g-prolapse-repair/posterior-enterocele/moschcowitz-procedure.mdx
/docs/surgical-techniques/04g-prolapse-repair/paravaginal-repair,Paravaginal Repair,docs/04-surgical-techniques/04g-prolapse-repair/anterior/vaginal-paravaginal-repair.mdx
/docs/surgical-techniques/04g-prolapse-repair/pectopexy,Pectopexy,docs/04-surgical-techniques/04g-prolapse-repair/apical/pectopexy.mdx
/docs/surgical-techniques/04g-prolapse-repair/perineorrhaphy,Perineorrhaphy,docs/04-surgical-techniques/04g-prolapse-repair/posterior-enterocele/perineorrhaphy.mdx
/docs/surgical-techniques/04g-prolapse-repair/posterior-colporrhaphy,Posterior Colporrhaphy,docs/04-surgical-techniques/04g-prolapse-repair/posterior-enterocele/posterior-colporrhaphy.mdx
/docs/surgical-techniques/04g-prolapse-repair/prolapse-pessaries,Prolapse Pessaries,docs/04-surgical-techniques/04g-prolapse-repair/obliterative-pessary/prolapse-pessaries.mdx
/docs/surgical-techniques/04g-prolapse-repair/prolapse-repair-principles,Principles of Pelvic Organ Prolapse Repair,docs/04-surgical-techniques/04g-prolapse-repair/prolapse-repair-principles.mdx
/docs/surgical-techniques/04g-prolapse-repair/sacrocolpopexy,Sacrocolpopexy,docs/04-surgical-techniques/04g-prolapse-repair/apical/sacrocolpopexy.mdx
/docs/surgical-techniques/04g-prolapse-repair/sacrohysteropexy,Sacrohysteropexy,docs/04-surgical-techniques/04g-prolapse-repair/apical/sacrohysteropexy.mdx
/docs/surgical-techniques/04g-prolapse-repair/sacrospinous-hysteropexy,Sacrospinous Hysteropexy,docs/04-surgical-techniques/04g-prolapse-repair/apical/sacrospinous-hysteropexy.mdx
/docs/surgical-techniques/04g-prolapse-repair/sacrospinous-ligament-fixation,Sacrospinous Ligament Fixation (SSLF),docs/04-surgical-techniques/04g-prolapse-repair/apical/sacrospinous-ligament-fixation.mdx
/docs/surgical-techniques/04g-prolapse-repair/supracervical-hysterectomy,Supracervical Hysterectomy at Sacrocolpopexy,docs/04-surgical-techniques/04g-prolapse-repair/apical/supracervical-hysterectomy.mdx
/docs/surgical-techniques/04g-prolapse-repair/uterosacral-ligament-suspension,Uterosacral Ligament Suspension (USLS),docs/04-surgical-techniques/04g-prolapse-repair/apical/uterosacral-ligament-suspension.mdx
/docs/surgical-techniques/04g-prolapse-repair/vaginal-hysterectomy,Vaginal Hysterectomy,docs/04-surgical-techniques/04g-prolapse-repair/apical/vaginal-hysterectomy.mdx
/docs/surgical-techniques/04h-fistula-repair,Fistula Repair,docs/04-surgical-techniques/04h-fistula-repair/index.mdx
/docs/surgical-techniques/04h-fistula-repair/all-patients-fistula,Fistula Repair (All Patients),docs/04-surgical-techniques/04h-fistula-repair/all-patients-fistula.mdx
/docs/surgical-techniques/04h-fistula-repair/all-patients/colovesical-enterovesical,Colovesical and Enterovesical Fistula Repair,docs/04-surgical-techniques/04h-fistula-repair/all-patients/colovesical-enterovesical.mdx
/docs/surgical-techniques/04h-fistula-repair/all-patients/nephropleural,Nephropleural Fistula Repair,docs/04-surgical-techniques/04h-fistula-repair/all-patients/nephropleural.mdx
/docs/surgical-techniques/04h-fistula-repair/all-patients/post-kidney-transplant,Urinary Fistula After Kidney Transplant — Repair,docs/04-surgical-techniques/04h-fistula-repair/all-patients/post-kidney-transplant.mdx
/docs/surgical-techniques/04h-fistula-repair/all-patients/pyeloenteric,Pyeloenteric Fistula Repair,docs/04-surgical-techniques/04h-fistula-repair/all-patients/pyeloenteric.mdx
/docs/surgical-techniques/04h-fistula-repair/all-patients/ureteroarterial,Ureteroarterial Fistula — Repair,docs/04-surgical-techniques/04h-fistula-repair/all-patients/ureteroarterial.mdx
/docs/surgical-techniques/04h-fistula-repair/all-patients/ureterocolonic,Ureterocolonic Fistula Repair,docs/04-surgical-techniques/04h-fistula-repair/all-patients/ureterocolonic.mdx
/docs/surgical-techniques/04h-fistula-repair/all-patients/vesicocutaneous,Vesicocutaneous Fistula Repair,docs/04-surgical-techniques/04h-fistula-repair/all-patients/vesicocutaneous.mdx
/docs/surgical-techniques/04h-fistula-repair/fecal-diversion,Fecal Diversion in Reconstructive Pelvic Surgery,docs/04-surgical-techniques/04h-fistula-repair/fecal-diversion.mdx
/docs/surgical-techniques/04h-fistula-repair/female-fistula,Female Fistula Repair,docs/04-surgical-techniques/04h-fistula-repair/female-fistula.mdx
/docs/surgical-techniques/04h-fistula-repair/female/anal-sphincteroplasty,Anal Sphincteroplasty,docs/04-surgical-techniques/04h-fistula-repair/female/anal-sphincteroplasty.mdx
/docs/surgical-techniques/04h-fistula-repair/female/conservative-vvf-management,Conservative Management of Vesicovaginal Fistula,docs/04-surgical-techniques/04h-fistula-repair/female/conservative-vvf-management.mdx
/docs/surgical-techniques/04h-fistula-repair/female/endoscopic-vvf-repair,Endoscopic Management of Vesicovaginal Fistula,docs/04-surgical-techniques/04h-fistula-repair/female/endoscopic-vvf-repair.mdx
/docs/surgical-techniques/04h-fistula-repair/female/episioproctotomy,Episioproctotomy for Rectovaginal Fistula,docs/04-surgical-techniques/04h-fistula-repair/female/episioproctotomy.mdx
/docs/surgical-techniques/04h-fistula-repair/female/eraf,Endorectal Advancement Flap (ERAF) for Rectovaginal Fistula,docs/04-surgical-techniques/04h-fistula-repair/female/eraf.mdx
/docs/surgical-techniques/04h-fistula-repair/female/extravesical-vvf-repair,Extravesical Transabdominal VVF Repair,docs/04-surgical-techniques/04h-fistula-repair/female/extravesical-vvf-repair.mdx
/docs/surgical-techniques/04h-fistula-repair/female/martius-flap-vvf,Martius Labial Fat-Pad Flap for Vesicovaginal Fistula,docs/04-surgical-techniques/04h-fistula-repair/female/martius-flap-vvf.mdx
/docs/surgical-techniques/04h-fistula-repair/female/nonoperative-rvf-management,Nonoperative Management of Rectovaginal Fistula,docs/04-surgical-techniques/04h-fistula-repair/female/nonoperative-rvf-management.mdx
/docs/surgical-techniques/04h-fistula-repair/female/oconor-vvf-repair,O'Conor (Transabdominal Transvesical) VVF Repair,docs/04-surgical-techniques/04h-fistula-repair/female/oconor-vvf-repair.mdx
/docs/surgical-techniques/04h-fistula-repair/female/transabdominal-rvf-repair,Transabdominal RVF Repair,docs/04-surgical-techniques/04h-fistula-repair/female/transabdominal-rvf-repair.mdx
/docs/surgical-techniques/04h-fistula-repair/female/transvaginal-latzko,Transvaginal Latzko Repair (Partial Colpocleisis),docs/04-surgical-techniques/04h-fistula-repair/female/transvaginal-latzko.mdx
/docs/surgical-techniques/04h-fistula-repair/female/transvaginal-sims-simon,Transvaginal Sims-Simon Multilayered Closure,docs/04-surgical-techniques/04h-fistula-repair/female/transvaginal-sims-simon.mdx
/docs/surgical-techniques/04h-fistula-repair/female/urethrovaginal-fistula-repair,Urethrovaginal Fistula Repair,docs/04-surgical-techniques/04h-fistula-repair/female/urethrovaginal-fistula-repair.mdx
/docs/surgical-techniques/04h-fistula-repair/fistula-repair-principles,Principles of Fistula Repair,docs/04-surgical-techniques/04h-fistula-repair/fistula-repair-principles.mdx
/docs/surgical-techniques/04h-fistula-repair/male-fistula,Male Fistula Repair,docs/04-surgical-techniques/04h-fistula-repair/male-fistula.mdx
/docs/surgical-techniques/04h-fistula-repair/male/conservative-ruf-management,Conservative Management of Rectourethral Fistula,docs/04-surgical-techniques/04h-fistula-repair/male/conservative-ruf-management.mdx
/docs/surgical-techniques/04h-fistula-repair/male/eraf-ruf,Endorectal Advancement Flap (ERAF) for Rectourethral Fistula,docs/04-surgical-techniques/04h-fistula-repair/male/eraf-ruf.mdx
/docs/surgical-techniques/04h-fistula-repair/male/salvage-prostatectomy-usf,Salvage Prostatectomy for USF,docs/04-surgical-techniques/04h-fistula-repair/male/salvage-prostatectomy-usf.mdx
/docs/surgical-techniques/04h-fistula-repair/male/transabdominal-ruf-rvf,Transabdominal Repair for Rectourethral and Rectovesical Fistula,docs/04-surgical-techniques/04h-fistula-repair/male/transabdominal-ruf-rvf.mdx
/docs/surgical-techniques/04h-fistula-repair/male/transperineal-ruf-repair,Transperineal Approach to Rectourethral Fistula,docs/04-surgical-techniques/04h-fistula-repair/male/transperineal-ruf-repair.mdx
/docs/surgical-techniques/04h-fistula-repair/male/turnbull-cutait-ruf,Turnbull–Cutait Pull-Through for Rectourinary Fistula,docs/04-surgical-techniques/04h-fistula-repair/male/turnbull-cutait-ruf.mdx
/docs/surgical-techniques/04h-fistula-repair/male/ucf-double-dartos,Double Dartos Flap for Urethral Coverage and UCF Repair,docs/04-surgical-techniques/04h-fistula-repair/male/ucf-double-dartos.mdx
/docs/surgical-techniques/04h-fistula-repair/male/ucf-patio-repair,PATIO Repair for Urethrocutaneous Fistula,docs/04-surgical-techniques/04h-fistula-repair/male/ucf-patio-repair.mdx
/docs/surgical-techniques/04h-fistula-repair/male/ucf-scrotal-flaps,Scrotal Flaps for UCF Repair,docs/04-surgical-techniques/04h-fistula-repair/male/ucf-scrotal-flaps.mdx
/docs/surgical-techniques/04h-fistula-repair/male/ucf-simple-closure-skin-flap,Simple Closure with Skin Advancement Flap for Urethrocutaneous Fistula,docs/04-surgical-techniques/04h-fistula-repair/male/ucf-simple-closure-skin-flap.mdx
/docs/surgical-techniques/04h-fistula-repair/male/ucf-tunica-vaginalis-flap,Tunica Vaginalis Flap for UCF Repair and Reconstruction,docs/04-surgical-techniques/04h-fistula-repair/male/ucf-tunica-vaginalis-flap.mdx
/docs/surgical-techniques/04h-fistula-repair/male/urethroperineal-fistula-repair,Urethroperineal Fistula Repair,docs/04-surgical-techniques/04h-fistula-repair/male/urethroperineal-fistula-repair.mdx
/docs/surgical-techniques/04h-fistula-repair/male/usf-organ-sparing-interposition,Organ-Sparing USF Repair with Interposition Flap,docs/04-surgical-techniques/04h-fistula-repair/male/usf-organ-sparing-interposition.mdx
/docs/surgical-techniques/04h-fistula-repair/male/usf-ppf-bladder-sparing,Bladder-Sparing Approaches for Urosymphyseal / Puboprostatic Fistula,docs/04-surgical-techniques/04h-fistula-repair/male/usf-ppf-bladder-sparing.mdx
/docs/surgical-techniques/04h-fistula-repair/male/usf-primary-repair-no-flap,Primary Repair (No Tissue Interposition) for USF,docs/04-surgical-techniques/04h-fistula-repair/male/usf-primary-repair-no-flap.mdx
/docs/surgical-techniques/04h-fistula-repair/male/york-mason,York-Mason Posterior Transsphincteric Repair for Rectourethral Fistula,docs/04-surgical-techniques/04h-fistula-repair/male/york-mason.mdx
/docs/surgical-techniques/04h-fistula-repair/transanal-minimally-invasive-repair,Transanal Minimally Invasive Repair (MITAR / TAMIS / R-TAMIS / TEM-TEO) for RVF and RUF,docs/04-surgical-techniques/04h-fistula-repair/transanal-minimally-invasive-repair.mdx
/docs/surgical-techniques/04h-fistula-repair/vaginal-fistula-flaps,Interposition Flap Options for Vaginal Fistula Repair,docs/04-surgical-techniques/04h-fistula-repair/vaginal-fistula-flaps.mdx
/docs/surgical-techniques/04j-sexual-dysfunction,Male Sexual Dysfunction,docs/04-surgical-techniques/04j-sexual-dysfunction/index.mdx
/docs/surgical-techniques/04j-sexual-dysfunction/erectile-dysfunction,Erectile Dysfunction (Procedures),docs/04-surgical-techniques/04j-sexual-dysfunction/erectile-dysfunction.mdx
/docs/surgical-techniques/04j-sexual-dysfunction/intracavernosal-injections,Intracavernosal Injections (ICI),docs/04-surgical-techniques/04j-sexual-dysfunction/intracavernosal-injections.mdx
/docs/surgical-techniques/04j-sexual-dysfunction/li-eswt,Low-Intensity Extracorporeal Shockwave Therapy (Li-ESWT),docs/04-surgical-techniques/04j-sexual-dysfunction/li-eswt.mdx
/docs/surgical-techniques/04j-sexual-dysfunction/muse-intraurethral,Intraurethral Alprostadil (MUSE),docs/04-surgical-techniques/04j-sexual-dysfunction/muse-intraurethral.mdx
/docs/surgical-techniques/04j-sexual-dysfunction/pde5-inhibitors,PDE5 Inhibitors (Procedures),docs/04-surgical-techniques/04j-sexual-dysfunction/pde5-inhibitors.mdx
/docs/surgical-techniques/04j-sexual-dysfunction/penile-arterial-revascularization,Penile Arterial Revascularization,docs/04-surgical-techniques/04j-sexual-dysfunction/penile-arterial-revascularization.mdx
/docs/surgical-techniques/04j-sexual-dysfunction/penile-implants,Penile Implants,docs/04-surgical-techniques/04j-sexual-dysfunction/penile-implants/index.mdx
/docs/surgical-techniques/04j-sexual-dysfunction/penile-implants/complications,Non-Infectious Complications of Penile Prosthesis Surgery,docs/04-surgical-techniques/04j-sexual-dysfunction/penile-implants/complications.mdx
/docs/surgical-techniques/04j-sexual-dysfunction/penile-implants/implant-models,Penile Implant Models,docs/04-surgical-techniques/04j-sexual-dysfunction/penile-implants/implant-models.mdx
/docs/surgical-techniques/04j-sexual-dysfunction/penile-implants/infection,"Penile Prosthesis Infection — Evolution, Evidence, and Modern Controversies",docs/04-surgical-techniques/04j-sexual-dysfunction/penile-implants/infection.mdx
/docs/surgical-techniques/04j-sexual-dysfunction/penile-implants/intraoperative-setup,"Intraoperative Setup: Anesthesia, Positioning, No-Touch Protocol",docs/04-surgical-techniques/04j-sexual-dysfunction/penile-implants/intraoperative-setup.mdx
/docs/surgical-techniques/04j-sexual-dysfunction/penile-implants/preoperative-evaluation,Preoperative Evaluation for Penile Prosthesis Implantation,docs/04-surgical-techniques/04j-sexual-dysfunction/penile-implants/preoperative-evaluation.mdx
/docs/surgical-techniques/04j-sexual-dysfunction/penile-implants/reservoir-placement,Reservoir Placement for Three-Piece Inflatable Penile Prostheses,docs/04-surgical-techniques/04j-sexual-dysfunction/penile-implants/reservoir-placement.mdx
/docs/surgical-techniques/04j-sexual-dysfunction/penile-implants/revision-scenarios,Revision Scenarios in Penile Prosthesis Surgery,docs/04-surgical-techniques/04j-sexual-dysfunction/penile-implants/revision-scenarios.mdx
/docs/surgical-techniques/04j-sexual-dysfunction/penile-implants/surgical-approaches,Surgical Approaches to Penile Prosthesis Implantation,docs/04-surgical-techniques/04j-sexual-dysfunction/penile-implants/surgical-approaches.mdx
/docs/surgical-techniques/04j-sexual-dysfunction/penile-traction-therapy,Penile Traction Therapy (PTT),docs/04-surgical-techniques/04j-sexual-dysfunction/penile-traction-therapy.mdx
/docs/surgical-techniques/04j-sexual-dysfunction/peyronies,Peyronie's Disease,docs/04-surgical-techniques/04j-sexual-dysfunction/peyronies.mdx
/docs/surgical-techniques/04j-sexual-dysfunction/peyronies-disease,Peyronie's Disease,docs/04-surgical-techniques/04j-sexual-dysfunction/peyronies-disease/index.mdx
/docs/surgical-techniques/04j-sexual-dysfunction/peyronies-disease/manual-modeling,Manual Modeling — the Wilson Technique,docs/04-surgical-techniques/04j-sexual-dysfunction/peyronies-disease/manual-modeling.mdx
/docs/surgical-techniques/04j-sexual-dysfunction/peyronies-disease/plaque-incision-grafting,Plaque Incision / Excision with Grafting,docs/04-surgical-techniques/04j-sexual-dysfunction/peyronies-disease/plaque-incision-grafting.mdx
/docs/surgical-techniques/04j-sexual-dysfunction/peyronies-disease/prosthesis-with-straightening,Inflatable Penile Prosthesis with Adjunctive Straightening — Comprehensive Guide,docs/04-surgical-techniques/04j-sexual-dysfunction/peyronies-disease/prosthesis-with-straightening.mdx
/docs/surgical-techniques/04j-sexual-dysfunction/peyronies-disease/scratch-technique,The Scratch Technique and Endocavernosal Plaque Disruption,docs/04-surgical-techniques/04j-sexual-dysfunction/peyronies-disease/scratch-technique.mdx
/docs/surgical-techniques/04j-sexual-dysfunction/peyronies-disease/sliding-slicing-techniques,Sliding & Slicing (Penile-Disassembly) Techniques for Peyronie's Disease,docs/04-surgical-techniques/04j-sexual-dysfunction/peyronies-disease/sliding-slicing-techniques.mdx
/docs/surgical-techniques/04j-sexual-dysfunction/peyronies-disease/tunica-plication,Tunica Plication for Peyronie's Disease,docs/04-surgical-techniques/04j-sexual-dysfunction/peyronies-disease/tunica-plication.mdx
/docs/surgical-techniques/04j-sexual-dysfunction/priapism-shunts-decompression,Priapism Shunts & Decompression,docs/04-surgical-techniques/04j-sexual-dysfunction/priapism-shunts-decompression.mdx
/docs/surgical-techniques/04j-sexual-dysfunction/psychosexual-therapy,Psychosexual Therapy,docs/04-surgical-techniques/04j-sexual-dysfunction/psychosexual-therapy.mdx
/docs/surgical-techniques/04j-sexual-dysfunction/stem-cell-therapy-ed,Stem Cell Therapy for Erectile Dysfunction,docs/04-surgical-techniques/04j-sexual-dysfunction/stem-cell-therapy-ed.mdx
/docs/surgical-techniques/04j-sexual-dysfunction/ved,Vacuum Erection Device (VED),docs/04-surgical-techniques/04j-sexual-dysfunction/ved.mdx
/docs/surgical-techniques/04j-sexual-dysfunction/venous-ligation,Penile Venous Ligation Surgery,docs/04-surgical-techniques/04j-sexual-dysfunction/venous-ligation.mdx
/docs/surgical-techniques/04k-gender-affirming-surgery,Gender-Affirming Surgery,docs/04-surgical-techniques/04k-gender-affirming-surgery/index.mdx
/docs/surgical-techniques/04k-gender-affirming-surgery/alt-phalloplasty,Pedicled Anterolateral Thigh Flap Phalloplasty,docs/04-surgical-techniques/04k-gender-affirming-surgery/alt-phalloplasty.mdx
/docs/surgical-techniques/04k-gender-affirming-surgery/big-ben-method,Big Ben Method for Phalloplasty,docs/04-surgical-techniques/04k-gender-affirming-surgery/big-ben-method.mdx
/docs/surgical-techniques/04k-gender-affirming-surgery/clitoroplasty-preputial-flap,Clitoroplasty — Preputial-Skin Flap with Dorsal Neurovascular-Bundle Pedicle,docs/04-surgical-techniques/04k-gender-affirming-surgery/clitoroplasty-preputial-flap.mdx
/docs/surgical-techniques/04k-gender-affirming-surgery/feminizing-labiaplasty,Feminizing Labiaplasty — Labia Majora and Labia Minora Construction,docs/04-surgical-techniques/04k-gender-affirming-surgery/feminizing-labiaplasty.mdx
/docs/surgical-techniques/04k-gender-affirming-surgery/feminizing-surgery,Feminizing Gender-Affirming Surgery,docs/04-surgical-techniques/04k-gender-affirming-surgery/feminizing-surgery.mdx
/docs/surgical-techniques/04k-gender-affirming-surgery/feminizing-urethroplasty,Feminizing Urethroplasty — Urethral Shortening and Feminizing Repositioning,docs/04-surgical-techniques/04k-gender-affirming-surgery/feminizing-urethroplasty.mdx
/docs/surgical-techniques/04k-gender-affirming-surgery/fibula-phalloplasty,Fibula Osteocutaneous Free Flap Phalloplasty,docs/04-surgical-techniques/04k-gender-affirming-surgery/fibula-phalloplasty.mdx
/docs/surgical-techniques/04k-gender-affirming-surgery/gender-affirming-hysterectomy,Gender-Affirming Hysterectomy ± Bilateral Salpingo-Oophorectomy (HBSO),docs/04-surgical-techniques/04k-gender-affirming-surgery/gender-affirming-hysterectomy.mdx
/docs/surgical-techniques/04k-gender-affirming-surgery/genital-nullification-afab,Genital Nullification — AFAB (HBSO + Colpectomy + Vulvectomy + Perineal Urethrostomy),docs/04-surgical-techniques/04k-gender-affirming-surgery/genital-nullification-afab.mdx
/docs/surgical-techniques/04k-gender-affirming-surgery/genital-nullification-amab,Genital Nullification — AMAB (Penectomy + Bilateral Orchiectomy + Scrotectomy + Perineal Urethrostomy),docs/04-surgical-techniques/04k-gender-affirming-surgery/genital-nullification-amab.mdx
/docs/surgical-techniques/04k-gender-affirming-surgery/granulation-tissue-debridement,Neovaginal Granulation-Tissue Debridement,docs/04-surgical-techniques/04k-gender-affirming-surgery/granulation-tissue-debridement.mdx
/docs/surgical-techniques/04k-gender-affirming-surgery/intestinal-vaginoplasty,Intestinal Vaginoplasty (Sigmoid / Ileum / Right Colon),docs/04-surgical-techniques/04k-gender-affirming-surgery/intestinal-vaginoplasty.mdx
/docs/surgical-techniques/04k-gender-affirming-surgery/masculinizing-surgery,Masculinizing Gender-Affirming Surgery,docs/04-surgical-techniques/04k-gender-affirming-surgery/masculinizing-surgery.mdx
/docs/surgical-techniques/04k-gender-affirming-surgery/meatal-stenosis-revision,Meatal Stenosis Revision After Feminizing Genital Surgery,docs/04-surgical-techniques/04k-gender-affirming-surgery/meatal-stenosis-revision.mdx
/docs/surgical-techniques/04k-gender-affirming-surgery/modified-belgrade-metoidioplasty,Modified Belgrade Metoidioplasty With Urethral Lengthening,docs/04-surgical-techniques/04k-gender-affirming-surgery/modified-belgrade-metoidioplasty.mdx
/docs/surgical-techniques/04k-gender-affirming-surgery/neovaginal-stenosis-management,Neovaginal Stenosis Management — Stepwise,docs/04-surgical-techniques/04k-gender-affirming-surgery/neovaginal-stenosis-management.mdx
/docs/surgical-techniques/04k-gender-affirming-surgery/non-binary-nullification,Non-Binary / Nullification Gender-Affirming Surgery,docs/04-surgical-techniques/04k-gender-affirming-surgery/non-binary-nullification.mdx
/docs/surgical-techniques/04k-gender-affirming-surgery/pars-fixa-urethral-construction,Pars Fixa Urethral Construction,docs/04-surgical-techniques/04k-gender-affirming-surgery/pars-fixa-urethral-construction.mdx
/docs/surgical-techniques/04k-gender-affirming-surgery/penile-disassembly,Penile Disassembly (Penectomy / Tissue Redistribution Step),docs/04-surgical-techniques/04k-gender-affirming-surgery/penile-disassembly.mdx
/docs/surgical-techniques/04k-gender-affirming-surgery/penile-implant-after-phalloplasty,Erectile Prosthesis (Penile Implant) After Gender-Affirming Phalloplasty,docs/04-surgical-techniques/04k-gender-affirming-surgery/penile-implant-after-phalloplasty.mdx
/docs/surgical-techniques/04k-gender-affirming-surgery/penile-inversion-vaginoplasty,Penile Inversion Vaginoplasty (PIV),docs/04-surgical-techniques/04k-gender-affirming-surgery/penile-inversion-vaginoplasty.mdx
/docs/surgical-techniques/04k-gender-affirming-surgery/peritoneal-pull-through-vaginoplasty,Peritoneal Flap Vaginoplasty,docs/04-surgical-techniques/04k-gender-affirming-surgery/peritoneal-pull-through-vaginoplasty.mdx
/docs/surgical-techniques/04k-gender-affirming-surgery/phallic-urethra-prelaminated-bmg,Phallic Urethra: Prelaminated Buccal Mucosa Graft,docs/04-surgical-techniques/04k-gender-affirming-surgery/phallic-urethra-prelaminated-bmg.mdx
/docs/surgical-techniques/04k-gender-affirming-surgery/phallic-urethra-separate-flap,Phallic Urethra: Separate-Flap Technique,docs/04-surgical-techniques/04k-gender-affirming-surgery/phallic-urethra-separate-flap.mdx
/docs/surgical-techniques/04k-gender-affirming-surgery/phallic-urethra-tube-in-tube,Phallic Urethra: Tube-in-Tube and Pars Pendulans Construction,docs/04-surgical-techniques/04k-gender-affirming-surgery/phallic-urethra-tube-in-tube.mdx
/docs/surgical-techniques/04k-gender-affirming-surgery/phallus-preserving-vaginoplasty,Phallus-Preserving Vaginoplasty (PPV),docs/04-surgical-techniques/04k-gender-affirming-surgery/phallus-preserving-vaginoplasty.mdx
/docs/surgical-techniques/04k-gender-affirming-surgery/rectoneovaginal-fistula-repair,Rectoneovaginal Fistula (RNVF) Repair,docs/04-surgical-techniques/04k-gender-affirming-surgery/rectoneovaginal-fistula-repair.mdx
/docs/surgical-techniques/04k-gender-affirming-surgery/rfff-phalloplasty,Radial Forearm Free Flap Phalloplasty,docs/04-surgical-techniques/04k-gender-affirming-surgery/rfff-phalloplasty.mdx
/docs/surgical-techniques/04k-gender-affirming-surgery/scip-phalloplasty,Superficial Circumflex Iliac Artery Perforator Flap Phalloplasty,docs/04-surgical-techniques/04k-gender-affirming-surgery/scip-phalloplasty.mdx
/docs/surgical-techniques/04k-gender-affirming-surgery/scrotoplasty,Masculinizing Scrotoplasty,docs/04-surgical-techniques/04k-gender-affirming-surgery/scrotoplasty.mdx
/docs/surgical-techniques/04k-gender-affirming-surgery/shaft-only-phalloplasty,Shaft-Only Phalloplasty with Vaginal Preservation (Chen-Berli / Moorefield),docs/04-surgical-techniques/04k-gender-affirming-surgery/shaft-only-phalloplasty.mdx
/docs/surgical-techniques/04k-gender-affirming-surgery/simple-metoidioplasty,Simple Metoidioplasty Without Urethral Lengthening,docs/04-surgical-techniques/04k-gender-affirming-surgery/simple-metoidioplasty.mdx
/docs/surgical-techniques/04k-gender-affirming-surgery/simple-orchiectomy,Bilateral Simple Orchiectomy (Gender-Affirming),docs/04-surgical-techniques/04k-gender-affirming-surgery/simple-orchiectomy.mdx
/docs/surgical-techniques/04k-gender-affirming-surgery/skin-graft-vaginoplasty,Skin Graft Vaginoplasty (FTSG / STSG Canal Augmentation),docs/04-surgical-techniques/04k-gender-affirming-surgery/skin-graft-vaginoplasty.mdx
/docs/surgical-techniques/04k-gender-affirming-surgery/testicular-implants,Testicular Implants — Gender-Affirming (Transmasculine Neoscrotal Augmentation),docs/04-surgical-techniques/04k-gender-affirming-surgery/testicular-implants.mdx
/docs/surgical-techniques/04k-gender-affirming-surgery/vagina-preserving-metoidioplasty,Vagina-Preserving Metoidioplasty,docs/04-surgical-techniques/04k-gender-affirming-surgery/vagina-preserving-metoidioplasty.mdx
/docs/surgical-techniques/04k-gender-affirming-surgery/vaginectomy,Gender-Affirming Vaginectomy / Colpectomy,docs/04-surgical-techniques/04k-gender-affirming-surgery/vaginectomy.mdx
/docs/surgical-techniques/04k-gender-affirming-surgery/zero-depth-vulvoplasty,Zero-Depth / Shallow-Depth Vulvoplasty (Gender-Confirming Vulvoplasty),docs/04-surgical-techniques/04k-gender-affirming-surgery/zero-depth-vulvoplasty.mdx
/docs/surgical-techniques/04l-cosmetic-genital-surgery,Cosmetic Genital Surgery,docs/04-surgical-techniques/04l-cosmetic-genital-surgery/index.mdx
/docs/surgical-techniques/04l-cosmetic-genital-surgery/autologous-fat-injection,Autologous Fat Injection (AFI) — Penile Girth Enhancement,docs/04-surgical-techniques/04l-cosmetic-genital-surgery/autologous-fat-injection.mdx
/docs/surgical-techniques/04l-cosmetic-genital-surgery/combined-wedge-edge-labiaplasty,Combined Wedge-Edge Resection Labiaplasty (Modified Trim + Wedge),docs/04-surgical-techniques/04l-cosmetic-genital-surgery/combined-wedge-edge-labiaplasty.mdx
/docs/surgical-techniques/04l-cosmetic-genital-surgery/cryolipolysis,Cryolipolysis — Suprapubic Fat Reduction,docs/04-surgical-techniques/04l-cosmetic-genital-surgery/cryolipolysis.mdx
/docs/surgical-techniques/04l-cosmetic-genital-surgery/de-epithelialization-labiaplasty,De-Epithelialization Labiaplasty,docs/04-surgical-techniques/04l-cosmetic-genital-surgery/de-epithelialization-labiaplasty.mdx
/docs/surgical-techniques/04l-cosmetic-genital-surgery/dermal-fat-grafts-alloderm-wraps,Dermal Fat Grafts & AlloDerm (ADM) Wraps — Surgical Graft-Based Penile Girth Augmentation,docs/04-surgical-techniques/04l-cosmetic-genital-surgery/dermal-fat-grafts-alloderm-wraps.mdx
/docs/surgical-techniques/04l-cosmetic-genital-surgery/fat-grafting-mons,Fat Grafting to the Mons Pubis (Volume Restoration),docs/04-surgical-techniques/04l-cosmetic-genital-surgery/fat-grafting-mons.mdx
/docs/surgical-techniques/04l-cosmetic-genital-surgery/female-cosmetic,Female Cosmetic Genital Surgery (FGCS),docs/04-surgical-techniques/04l-cosmetic-genital-surgery/female-cosmetic.mdx
/docs/surgical-techniques/04l-cosmetic-genital-surgery/g-spot-amplification,"G-Spot Amplification (""G-Shot"")",docs/04-surgical-techniques/04l-cosmetic-genital-surgery/g-spot-amplification.mdx
/docs/surgical-techniques/04l-cosmetic-genital-surgery/hardrock-sandwich-technique,Hardrock Sandwich Technique (HST) — Bovine Pericardial Graft + Autologous Plasma Gel ± SLD ± Testicular Prosthesis,docs/04-surgical-techniques/04l-cosmetic-genital-surgery/hardrock-sandwich-technique.mdx
/docs/surgical-techniques/04l-cosmetic-genital-surgery/hyaluronic-acid-filler,Hyaluronic Acid Filler — Penile Girth Augmentation,docs/04-surgical-techniques/04l-cosmetic-genital-surgery/hyaluronic-acid-filler.mdx
/docs/surgical-techniques/04l-cosmetic-genital-surgery/hymenoplasty,Hymenoplasty (Hymen Reconstruction),docs/04-surgical-techniques/04l-cosmetic-genital-surgery/hymenoplasty.mdx
/docs/surgical-techniques/04l-cosmetic-genital-surgery/inverted-y-clitoral-hoodoplasty,Inverted-Y Plasty Clitoral Hoodoplasty,docs/04-surgical-techniques/04l-cosmetic-genital-surgery/inverted-y-clitoral-hoodoplasty.mdx
/docs/surgical-techniques/04l-cosmetic-genital-surgery/labia-majora-augmentation,Labia Majora Augmentation (Autologous Fat Grafting),docs/04-surgical-techniques/04l-cosmetic-genital-surgery/labia-majora-augmentation.mdx
/docs/surgical-techniques/04l-cosmetic-genital-surgery/labia-majora-reduction,Labia Majora Reduction (Majoraplasty),docs/04-surgical-techniques/04l-cosmetic-genital-surgery/labia-majora-reduction.mdx
/docs/surgical-techniques/04l-cosmetic-genital-surgery/laser-assisted-labiaplasty,Laser-Assisted Labiaplasty,docs/04-surgical-techniques/04l-cosmetic-genital-surgery/laser-assisted-labiaplasty.mdx
/docs/surgical-techniques/04l-cosmetic-genital-surgery/liu-classification-hoodoplasty,Bilateral Triangular & Inverted Horizontal V-Shaped Resection — Liu Classification Hoodoplasty,docs/04-surgical-techniques/04l-cosmetic-genital-surgery/liu-classification-hoodoplasty.mdx
/docs/surgical-techniques/04l-cosmetic-genital-surgery/male-cosmetic,Male Cosmetic Genital Surgery,docs/04-surgical-techniques/04l-cosmetic-genital-surgery/male-cosmetic.mdx
/docs/surgical-techniques/04l-cosmetic-genital-surgery/microfat-nanofat-grafting,Microfat & Nanofat Grafting (GSM / Vulvar Atrophy / Lichen Sclerosus),docs/04-surgical-techniques/04l-cosmetic-genital-surgery/microfat-nanofat-grafting.mdx
/docs/surgical-techniques/04l-cosmetic-genital-surgery/monsplasty,Monsplasty (Mons Pubis Reduction / Lift),docs/04-surgical-techniques/04l-cosmetic-genital-surgery/monsplasty.mdx
/docs/surgical-techniques/04l-cosmetic-genital-surgery/non-autologous-injectables,"Non-Autologous Penile Injectables — Paraffin, Mineral Oil, Vaseline, Liquid Silicone, PMMA",docs/04-surgical-techniques/04l-cosmetic-genital-surgery/non-autologous-injectables.mdx
/docs/surgical-techniques/04l-cosmetic-genital-surgery/penoscrotal-web-correction,Penoscrotal-Web Correction (Ventral Phalloplasty),docs/04-surgical-techniques/04l-cosmetic-genital-surgery/penoscrotal-web-correction.mdx
/docs/surgical-techniques/04l-cosmetic-genital-surgery/penuma,Penuma® & Himplant — Subcutaneous Silicone Penile Sleeve,docs/04-surgical-techniques/04l-cosmetic-genital-surgery/penuma.mdx
/docs/surgical-techniques/04l-cosmetic-genital-surgery/polylactic-acid-filler,Polylactic Acid Filler — Penile Girth Augmentation,docs/04-surgical-techniques/04l-cosmetic-genital-surgery/polylactic-acid-filler.mdx
/docs/surgical-techniques/04l-cosmetic-genital-surgery/reduction-scrotoplasty,Reduction Scrotoplasty (Scrotal Lift / Tuck),docs/04-surgical-techniques/04l-cosmetic-genital-surgery/reduction-scrotoplasty.mdx
/docs/surgical-techniques/04l-cosmetic-genital-surgery/reduction-scrotoplasty-zplasty-combined,Combined Reduction Scrotoplasty + Penoscrotal Z-Plasty,docs/04-surgical-techniques/04l-cosmetic-genital-surgery/reduction-scrotoplasty-zplasty-combined.mdx
/docs/surgical-techniques/04l-cosmetic-genital-surgery/scrotal-botox,"Scrotal Botulinum Toxin A Injection (""Scrotox"")",docs/04-surgical-techniques/04l-cosmetic-genital-surgery/scrotal-botox.mdx
/docs/surgical-techniques/04l-cosmetic-genital-surgery/suprapubic-lipectomy,Suprapubic Lipectomy / Liposuction,docs/04-surgical-techniques/04l-cosmetic-genital-surgery/suprapubic-lipectomy.mdx
/docs/surgical-techniques/04l-cosmetic-genital-surgery/suspensory-ligament-division,Suspensory Ligament Division (SLD),docs/04-surgical-techniques/04l-cosmetic-genital-surgery/suspensory-ligament-division.mdx
/docs/surgical-techniques/04l-cosmetic-genital-surgery/three-step-two-part-composite,Three-Step & Two-Part Composite Excision (Lateral Hood + Labia Minora),docs/04-surgical-techniques/04l-cosmetic-genital-surgery/three-step-two-part-composite.mdx
/docs/surgical-techniques/04l-cosmetic-genital-surgery/trim-labiaplasty,Trim (Edge / Linear) Resection Labiaplasty,docs/04-surgical-techniques/04l-cosmetic-genital-surgery/trim-labiaplasty.mdx
/docs/surgical-techniques/04l-cosmetic-genital-surgery/v-i-penoscrotal-reconfiguration,V-I Penoscrotal Reconfiguration (Bagnara),docs/04-surgical-techniques/04l-cosmetic-genital-surgery/v-i-penoscrotal-reconfiguration.mdx
/docs/surgical-techniques/04l-cosmetic-genital-surgery/v-y-plasty-male,V-Y Advancement Plasty — Genital Applications,docs/04-surgical-techniques/04l-cosmetic-genital-surgery/v-y-plasty-male.mdx
/docs/surgical-techniques/04l-cosmetic-genital-surgery/wedge-labiaplasty,Central Wedge Resection Labiaplasty,docs/04-surgical-techniques/04l-cosmetic-genital-surgery/wedge-labiaplasty.mdx
/docs/surgical-techniques/04l-cosmetic-genital-surgery/xu-longitudinal-penoplasty,Longitudinal Incision With Penoscrotal-Angle Reconstruction (Xu),docs/04-surgical-techniques/04l-cosmetic-genital-surgery/xu-longitudinal-penoplasty.mdx
/docs/surgical-techniques/bph-male-luts,BPH & Male LUTS,docs/04-surgical-techniques/04m-bph-male-luts/index.mdx
/docs/surgical-techniques/bph-male-luts/aquablation,Aquablation — AquaBeam Robotic Waterjet for BPH,docs/04-surgical-techniques/04m-bph-male-luts/aquablation.mdx
/docs/surgical-techniques/bph-male-luts/greenlight-pvp,GreenLight PVP — Photoselective Vaporization of the Prostate,docs/04-surgical-techniques/04m-bph-male-luts/greenlight-pvp.mdx
/docs/surgical-techniques/bph-male-luts/itind,iTIND — Temporary Implantable Nitinol Device for BPH,docs/04-surgical-techniques/04m-bph-male-luts/itind.mdx
/docs/surgical-techniques/bph-male-luts/optilume-bph,Optilume BPH — Paclitaxel-Coated Balloon for LUTS Secondary to BPH,docs/04-surgical-techniques/04m-bph-male-luts/optilume-bph.mdx
/docs/surgical-techniques/bph-male-luts/prostate-artery-embolization,Prostate Artery Embolization (PAE),docs/04-surgical-techniques/04m-bph-male-luts/prostate-artery-embolization.mdx
/docs/surgical-techniques/bph-male-luts/prostate-enucleation-holep,Anatomical Enucleation of the Prostate,docs/04-surgical-techniques/04m-bph-male-luts/prostate-enucleation-holep.mdx
/docs/surgical-techniques/bph-male-luts/rezum-water-vapor-therapy,Rezūm — Water Vapor Thermal Therapy (WVTT) for BPH,docs/04-surgical-techniques/04m-bph-male-luts/rezum-water-vapor-therapy.mdx
/docs/surgical-techniques/bph-male-luts/simple-prostatectomy,Simple Prostatectomy (Open / Laparoscopic / Robotic),docs/04-surgical-techniques/04m-bph-male-luts/simple-prostatectomy.mdx
/docs/surgical-techniques/bph-male-luts/tuip,TUIP — Transurethral Incision of the Prostate,docs/04-surgical-techniques/04m-bph-male-luts/tuip.mdx
/docs/surgical-techniques/bph-male-luts/turp,TURP — Transurethral Resection of the Prostate,docs/04-surgical-techniques/04m-bph-male-luts/turp.mdx
/docs/surgical-techniques/bph-male-luts/urolift-pul,UroLift — Prostatic Urethral Lift (PUL) for BPH,docs/04-surgical-techniques/04m-bph-male-luts/urolift-pul.mdx
/docs/surgical-techniques/drug-coated-balloon,Drug-Coated Balloon Therapy,docs/04-surgical-techniques/drug-coated-balloon.mdx
/docs/surgical-techniques/incontinence,Incontinence,docs/04-surgical-techniques/04f-incontinence-procedures/index.mdx
/docs/surgical-techniques/urethral-reconstruction,Urethral Reconstruction,docs/04-surgical-techniques/04a-urethral-reconstruction/index.mdx
